,Release date,Max resolution,Low resolution,Effective pixels,Zoom wide (W),Zoom tele (T),Normal focus range,Macro focus range,Storage included,Weight (inc. batteries),Dimensions,Price
0,1997.0,1024.0,640.0,0.0,38.0,114.0,70.0,40.0,4.0,,,
1,1998.0,1280.0,,1.0,38.0,114.0,,0.0,4.0,420.0,158.0,
2,2000.0,640.0,,0.0,45.0,45.0,0.0,,,,0.0,
3,,1152.0,,0.0,35.0,,0.0,0.0,,0.0,0.0,269.0
4,1999.0,1152.0,640.0,,43.0,43.0,50.0,0.0,40.0,300.0,128.0,1299.0
5,2001.0,1600.0,640.0,1.0,51.0,51.0,50.0,20.0,,,119.0,179.0
6,1999.0,,640.0,1.0,34.0,,0.0,,8.0,0.0,0.0,
7,1997.0,640.0,,0.0,,42.0,70.0,3.0,2.0,320.0,93.0,149.0
8,1996.0,832.0,640.0,0.0,50.0,50.0,40.0,10.0,1.0,460.0,160.0,139.0
9,2001.0,1280.0,,1.0,35.0,105.0,,16.0,8.0,,110.0,139.0
10,2002.0,1280.0,1024.0,1.0,39.0,39.0,20.0,5.0,8.0,225.0,110.0,139.0
11,2001.0,1600.0,1024.0,1.0,,,76.0,16.0,,375.0,110.0,139.0
12,2002.0,,1024.0,1.0,39.0,39.0,20.0,5.0,8.0,225.0,110.0,139.0
13,2002.0,1280.0,1024.0,1.0,35.0,105.0,76.0,16.0,8.0,350.0,110.0,139.0
14,,2048.0,1600.0,3.0,,33.0,20.0,5.0,32.0,225.0,,139.0
15,,2048.0,1600.0,3.0,33.0,33.0,,5.0,0.0,205.0,,139.0
16,2002.0,1600.0,1024.0,,35.0,105.0,76.0,16.0,,350.0,,
17,,2048.0,1600.0,3.0,45.0,100.0,,5.0,16.0,,107.0,
18,2005.0,2048.0,1600.0,3.0,41.0,131.0,0.0,1.0,16.0,195.0,103.0,139.0
19,,2272.0,1600.0,4.0,39.0,125.0,47.0,,16.0,200.0,103.0,
20,2006.0,2272.0,,4.0,39.0,156.0,47.0,1.0,16.0,210.0,103.0,
21,2007.0,2592.0,,,38.0,122.0,47.0,,16.0,215.0,106.0,139.0
22,2007.0,2592.0,2048.0,5.0,38.0,152.0,47.0,1.0,16.0,215.0,106.0,139.0
23,1998.0,1024.0,512.0,0.0,35.0,35.0,50.0,9.0,8.0,240.0,105.0,149.0
24,,,640.0,1.0,28.0,,50.0,17.0,8.0,,,149.0
25,2005.0,2048.0,1600.0,3.0,,140.0,0.0,5.0,,230.0,91.0,
26,2005.0,2272.0,1600.0,3.0,35.0,140.0,0.0,,,230.0,91.0,149.0
27,2006.0,2592.0,2048.0,5.0,35.0,140.0,,,16.0,220.0,,149.0
28,2006.0,2816.0,2272.0,6.0,,140.0,45.0,,16.0,230.0,,149.0
29,2007.0,3072.0,2592.0,7.0,35.0,,45.0,5.0,16.0,,91.0,149.0
30,,,2592.0,7.0,35.0,140.0,,5.0,,205.0,91.0,149.0
31,2007.0,3072.0,2592.0,7.0,,140.0,,5.0,,215.0,90.0,149.0
32,1999.0,1024.0,512.0,0.0,28.0,,50.0,17.0,,,103.0,
33,2003.0,1600.0,1024.0,1.0,35.0,105.0,46.0,5.0,16.0,315.0,101.0,139.0
34,,2592.0,2592.0,5.0,35.0,140.0,0.0,,16.0,285.0,,139.0
35,2005.0,3072.0,3072.0,7.0,35.0,,0.0,1.0,32.0,,,139.0
36,2006.0,,2592.0,,,,,1.0,16.0,315.0,109.0,
37,2006.0,3648.0,2816.0,10.0,35.0,140.0,,1.0,32.0,315.0,109.0,139.0
38,,4000.0,3264.0,12.0,,210.0,,1.0,32.0,300.0,97.0,399.0
39,2003.0,2048.0,1600.0,3.0,35.0,105.0,46.0,,16.0,,101.0,
40,2006.0,2816.0,2272.0,6.0,,210.0,55.0,1.0,16.0,250.0,94.0,139.0
41,2006.0,,2592.0,7.0,35.0,210.0,55.0,1.0,,210.0,98.0,139.0
42,2007.0,3264.0,2592.0,8.0,35.0,,55.0,,16.0,,97.0,399.0
43,2004.0,2048.0,1600.0,,35.0,105.0,46.0,,32.0,315.0,101.0,
44,2003.0,2272.0,1600.0,3.0,38.0,114.0,46.0,5.0,32.0,350.0,103.0,139.0
45,2004.0,2272.0,1600.0,4.0,35.0,105.0,,5.0,32.0,300.0,,139.0
46,2004.0,2592.0,2048.0,5.0,38.0,114.0,45.0,5.0,32.0,,,139.0
47,2003.0,3072.0,2048.0,6.0,0.0,0.0,,,,875.0,150.0,1299.0
48,2001.0,2464.0,1232.0,4.0,0.0,0.0,0.0,0.0,0.0,1585.0,156.0,4499.0
49,,3504.0,3104.0,8.0,0.0,0.0,0.0,0.0,0.0,1565.0,156.0,4499.0
50,,3888.0,3456.0,10.0,0.0,0.0,0.0,0.0,,1335.0,156.0,4499.0
51,2005.0,3504.0,3104.0,8.0,0.0,0.0,,0.0,0.0,,,
52,2002.0,4064.0,2032.0,11.0,,0.0,0.0,0.0,,1585.0,156.0,
53,2004.0,4992.0,3600.0,16.0,,0.0,0.0,0.0,0.0,1565.0,156.0,7999.0
54,2007.0,5616.0,4992.0,21.0,,,0.0,0.0,0.0,1385.0,,7999.0
55,,3504.0,2544.0,8.0,0.0,0.0,0.0,,0.0,770.0,,1299.0
56,,3504.0,,8.0,,0.0,0.0,0.0,0.0,770.0,144.0,1299.0
57,2003.0,,2048.0,6.0,0.0,0.0,0.0,0.0,,645.0,142.0,1299.0
58,2006.0,3504.0,2544.0,8.0,,,0.0,0.0,0.0,784.0,144.0,1299.0
59,,3456.0,2496.0,,,0.0,,0.0,0.0,540.0,127.0,1299.0
60,2006.0,3888.0,2816.0,,0.0,,,0.0,,556.0,127.0,1299.0
61,2007.0,,2816.0,10.0,0.0,0.0,0.0,0.0,0.0,822.0,146.0,1299.0
62,,4368.0,,12.0,0.0,0.0,0.0,0.0,0.0,895.0,152.0,2499.0
63,,,,3.0,0.0,0.0,,0.0,16.0,855.0,150.0,549.0
64,,3072.0,2048.0,6.0,0.0,0.0,0.0,0.0,16.0,855.0,150.0,549.0
65,2000.0,2048.0,,3.0,34.0,102.0,70.0,6.0,16.0,490.0,120.0,499.0
66,2001.0,2272.0,,,34.0,,,6.0,32.0,510.0,121.0,499.0
67,2002.0,2272.0,1600.0,3.0,35.0,140.0,50.0,5.0,32.0,,,499.0
68,,,1600.0,,35.0,140.0,50.0,5.0,32.0,490.0,121.0,
69,2004.0,3072.0,,7.0,35.0,140.0,50.0,5.0,32.0,467.0,105.0,499.0
70,2006.0,3648.0,2816.0,10.0,35.0,,,1.0,32.0,380.0,106.0,499.0
71,2007.0,4000.0,,12.0,35.0,,,1.0,32.0,370.0,106.0,
72,,3264.0,,,28.0,,50.0,3.0,64.0,640.0,118.0,139.0
73,1998.0,1536.0,768.0,1.0,28.0,70.0,,,8.0,800.0,148.0,
74,2001.0,,,2.0,37.0,370.0,10.0,10.0,16.0,680.0,127.0,384.0
75,1999.0,,1280.0,1.0,,70.0,46.0,12.0,8.0,320.0,106.0,399.0
76,2000.0,,640.0,1.0,35.0,70.0,57.0,10.0,8.0,250.0,87.0,199.0
77,2001.0,1600.0,1024.0,1.0,35.0,70.0,57.0,10.0,8.0,250.0,,199.0
78,,2048.0,1600.0,3.0,,380.0,,10.0,32.0,469.0,,399.0
79,2000.0,2048.0,1024.0,,,64.0,66.0,12.0,16.0,,106.0,399.0
80,2002.0,1600.0,,,35.0,,57.0,10.0,8.0,250.0,87.0,199.0
81,2002.0,2048.0,1600.0,3.0,35.0,70.0,,,16.0,250.0,87.0,199.0
82,2005.0,2592.0,2048.0,,,,,10.0,16.0,505.0,113.0,399.0
83,2001.0,2048.0,1600.0,3.0,35.0,105.0,80.0,10.0,,323.0,112.0,399.0
84,2001.0,1600.0,1024.0,,35.0,105.0,76.0,16.0,,270.0,95.0,199.0
85,2002.0,1600.0,1024.0,,35.0,105.0,,16.0,8.0,274.0,95.0,199.0
86,2006.0,,2272.0,6.0,,432.0,50.0,10.0,16.0,510.0,113.0,399.0
87,2001.0,2272.0,1600.0,3.0,,105.0,80.0,10.0,16.0,323.0,112.0,139.0
88,2003.0,2272.0,1600.0,3.0,36.0,108.0,46.0,5.0,32.0,230.0,87.0,139.0
89,2004.0,2272.0,1600.0,3.0,36.0,108.0,0.0,,32.0,215.0,87.0,139.0
90,2002.0,2272.0,1600.0,3.0,,105.0,50.0,,,323.0,112.0,139.0
91,2003.0,2592.0,1600.0,5.0,35.0,105.0,50.0,10.0,32.0,,112.0,399.0
92,2004.0,2592.0,,,36.0,108.0,0.0,,32.0,215.0,,
93,2007.0,3264.0,2272.0,8.0,36.0,,50.0,10.0,32.0,,117.0,399.0
94,2004.0,2592.0,,5.0,28.0,100.0,50.0,4.0,32.0,,114.0,
95,2004.0,3072.0,,7.0,28.0,100.0,50.0,4.0,32.0,300.0,114.0,399.0
96,2005.0,3264.0,2592.0,8.0,28.0,100.0,,4.0,32.0,290.0,104.0,399.0
97,2003.0,2272.0,1600.0,,38.0,38.0,0.0,3.0,32.0,140.0,90.0,199.0
98,2003.0,2048.0,,,,,47.0,10.0,16.0,185.0,,199.0
99,2007.0,3072.0,2592.0,7.0,,105.0,,5.0,32.0,175.0,,199.0
100,2004.0,2048.0,1600.0,3.0,35.0,70.0,0.0,10.0,16.0,195.0,85.0,199.0
101,2004.0,,2048.0,,,39.0,0.0,,32.0,140.0,90.0,199.0
102,2004.0,2048.0,1600.0,3.0,35.0,105.0,0.0,3.0,16.0,135.0,,199.0
103,2005.0,2592.0,2048.0,5.0,,90.0,,10.0,16.0,120.0,96.0,199.0
104,2004.0,2272.0,1600.0,,35.0,105.0,0.0,,16.0,,86.0,199.0
105,,3072.0,2592.0,7.0,38.0,,0.0,,16.0,120.0,,
106,,2592.0,,5.0,35.0,,,3.0,16.0,150.0,86.0,199.0
107,2005.0,2592.0,2048.0,5.0,35.0,105.0,0.0,3.0,16.0,185.0,99.0,199.0
108,,2592.0,2048.0,5.0,35.0,105.0,0.0,,16.0,,86.0,199.0
109,2005.0,3072.0,,7.0,37.0,111.0,0.0,5.0,,,90.0,
110,2005.0,3072.0,2592.0,7.0,37.0,111.0,0.0,,32.0,185.0,90.0,199.0
111,,2816.0,,6.0,35.0,105.0,30.0,3.0,,170.0,86.0,199.0
112,2006.0,2816.0,2272.0,6.0,35.0,105.0,,3.0,16.0,,90.0,
113,2006.0,2816.0,,6.0,35.0,140.0,45.0,,,195.0,90.0,
114,2007.0,3072.0,,7.0,35.0,,0.0,5.0,32.0,,92.0,384.0
115,2006.0,3072.0,2592.0,7.0,,105.0,,3.0,16.0,195.0,90.0,384.0
116,,3264.0,2272.0,8.0,,140.0,45.0,2.0,32.0,195.0,90.0,384.0
117,2007.0,3264.0,2592.0,8.0,,,45.0,2.0,32.0,165.0,93.0,
118,2006.0,3648.0,2816.0,,37.0,111.0,0.0,5.0,32.0,,91.0,199.0
119,,4000.0,3264.0,12.0,36.0,133.0,50.0,5.0,32.0,205.0,96.0,384.0
120,2007.0,3264.0,2592.0,,36.0,360.0,50.0,1.0,32.0,316.0,109.0,
121,2007.0,3072.0,2592.0,7.0,39.0,,50.0,10.0,0.0,260.0,,139.0
122,2005.0,2560.0,,4.0,38.0,190.0,,,7.0,275.0,99.0,249.0
123,2004.0,2816.0,2048.0,5.0,33.0,132.0,40.0,10.0,9.0,,,249.0
124,,3072.0,2304.0,,33.0,132.0,40.0,10.0,9.0,275.0,98.0,249.0
125,2004.0,2048.0,1600.0,,,102.0,40.0,17.0,9.0,123.0,88.0,
126,2003.0,1600.0,1280.0,,,35.0,80.0,30.0,10.0,100.0,83.0,249.0
127,2003.0,,1600.0,3.0,35.0,35.0,80.0,,10.0,,90.0,249.0
128,2005.0,2560.0,2304.0,4.0,38.0,114.0,40.0,17.0,8.0,125.0,,249.0
129,,2816.0,2304.0,6.0,,114.0,,15.0,8.0,,90.0,249.0
130,,2816.0,,6.0,38.0,,40.0,15.0,8.0,155.0,90.0,249.0
131,2007.0,3264.0,2816.0,8.0,38.0,114.0,50.0,,10.0,138.0,94.5,249.0
132,2007.0,3072.0,2560.0,7.0,38.0,266.0,,10.0,11.0,,,
133,2007.0,3264.0,2816.0,8.0,38.0,266.0,,10.0,,199.0,96.0,299.0
134,2005.0,,2304.0,,35.0,114.0,40.0,6.0,8.0,154.0,90.0,329.0
135,2006.0,3648.0,2560.0,10.0,38.0,114.0,40.0,6.0,8.0,185.0,92.0,
136,2007.0,,2560.0,,38.0,114.0,,10.0,15.0,165.0,91.0,
137,,3648.0,,10.0,38.0,114.0,40.0,10.0,11.0,165.0,91.0,329.0
138,2005.0,,2304.0,6.0,35.0,114.0,40.0,6.0,8.0,,90.0,329.0
139,2005.0,,2560.0,7.0,38.0,114.0,50.0,10.0,,154.0,90.0,329.0
140,2007.0,4000.0,3264.0,12.0,37.0,111.0,40.0,6.0,11.0,,93.0,329.0
141,2003.0,2048.0,1600.0,3.0,,105.0,40.0,6.0,16.0,170.0,87.0,329.0
142,2004.0,2048.0,1600.0,3.0,35.0,105.0,40.0,6.0,9.0,,87.0,329.0
143,2003.0,2304.0,1600.0,4.0,35.0,105.0,40.0,6.0,16.0,170.0,87.0,329.0
144,2004.0,2304.0,1600.0,,35.0,105.0,40.0,6.0,9.0,,87.0,329.0
145,2006.0,2560.0,2304.0,4.0,38.0,114.0,40.0,10.0,,160.0,,329.0
146,2004.0,2560.0,,5.0,35.0,105.0,,6.0,9.0,,87.0,329.0
147,2005.0,2560.0,2304.0,5.0,38.0,114.0,40.0,17.0,8.0,127.0,,329.0
148,2004.0,,2048.0,5.0,,105.0,50.0,,9.0,180.0,87.0,329.0
149,2005.0,2560.0,2048.0,4.0,,,,6.0,9.0,175.0,,199.0
150,2006.0,2816.0,2304.0,6.0,38.0,114.0,,10.0,8.0,148.0,95.0,329.0
151,,,2560.0,7.0,38.0,114.0,40.0,10.0,8.0,140.0,95.0,
152,,3072.0,2560.0,7.0,38.0,114.0,40.0,15.0,8.0,,89.0,329.0
153,,3072.0,2560.0,7.0,38.0,114.0,40.0,,,156.0,95.0,199.0
154,2005.0,3072.0,,7.0,38.0,114.0,40.0,10.0,9.0,165.0,89.0,329.0
155,2007.0,3072.0,2560.0,7.0,38.0,114.0,40.0,10.0,11.0,,95.0,199.0
156,2006.0,,2560.0,,38.0,,40.0,15.0,,176.0,95.0,249.0
157,,3264.0,,8.0,,114.0,40.0,10.0,8.0,185.0,89.0,
158,2001.0,1280.0,,1.0,35.0,35.0,60.0,10.0,8.0,,,249.0
159,,,800.0,,35.0,35.0,60.0,10.0,8.0,320.0,101.0,249.0
160,1999.0,1600.0,,1.0,,108.0,50.0,20.0,,320.0,,249.0
161,2001.0,1600.0,800.0,1.0,41.0,41.0,80.0,20.0,16.0,260.0,108.0,
162,,1600.0,800.0,,41.0,123.0,10.0,1.0,8.0,245.0,,
163,2001.0,1600.0,800.0,1.0,41.0,123.0,10.0,1.0,8.0,245.0,67.0,249.0
164,2000.0,1600.0,800.0,1.0,,320.0,40.0,1.0,8.0,295.0,,249.0
165,2001.0,1600.0,800.0,1.0,40.0,,40.0,1.0,,295.0,,
166,,,1024.0,3.0,41.0,41.0,50.0,10.0,16.0,245.0,115.0,
167,,640.0,320.0,0.0,47.0,106.0,60.0,9.0,4.0,290.0,162.0,249.0
168,2000.0,,1024.0,,,100.0,30.0,,16.0,360.0,134.0,249.0
169,2001.0,2048.0,1024.0,3.0,33.0,100.0,,6.0,16.0,360.0,134.0,249.0
170,2001.0,2240.0,1600.0,3.0,34.0,102.0,30.0,6.0,16.0,420.0,118.0,249.0
171,1998.0,,640.0,1.0,,,30.0,10.0,8.0,320.0,147.0,
172,1999.0,,640.0,1.0,36.0,36.0,30.0,10.0,,,131.0,249.0
173,2002.0,2560.0,,4.0,34.0,102.0,,6.0,16.0,420.0,118.0,249.0
174,1997.0,640.0,0.0,0.0,38.0,38.0,70.0,14.0,4.0,290.0,147.0,249.0
175,1998.0,,,1.0,32.0,64.0,,10.0,8.0,,141.0,
176,1998.0,640.0,0.0,0.0,38.0,38.0,,14.0,4.0,300.0,129.0,249.0
177,1999.0,,640.0,,,320.0,40.0,1.0,8.0,320.0,141.0,
178,,2048.0,1600.0,3.0,38.0,113.0,40.0,,11.0,240.0,90.0,249.0
179,,2304.0,2240.0,4.0,,,40.0,14.0,11.0,240.0,90.0,
180,2003.0,2304.0,2240.0,4.0,39.0,117.0,60.0,10.0,11.0,210.0,,249.0
181,2004.0,2304.0,2240.0,3.0,,117.0,60.0,10.0,9.0,198.0,88.0,249.0
182,2004.0,2560.0,2048.0,4.0,,117.0,60.0,10.0,,210.0,,249.0
183,2004.0,2816.0,2048.0,6.0,39.0,117.0,,10.0,9.0,218.0,88.0,249.0
184,2004.0,2816.0,2048.0,6.0,,117.0,70.0,10.0,9.0,218.0,88.0,249.0
185,,3040.0,0.0,6.0,0.0,,,0.0,0.0,0.0,,549.0
186,,,1600.0,4.0,,105.0,60.0,,0.0,260.0,112.0,549.0
187,1999.0,1600.0,640.0,1.0,38.0,38.0,50.0,,8.0,280.0,113.0,
188,1999.0,,640.0,1.0,35.0,,0.0,0.0,,0.0,0.0,
189,,2560.0,1600.0,4.0,34.0,102.0,50.0,5.0,16.0,200.0,92.0,159.0
190,2000.0,2048.0,640.0,,34.0,102.0,50.0,5.0,16.0,360.0,,399.0
191,2001.0,2048.0,1600.0,3.0,34.0,,50.0,5.0,16.0,360.0,,399.0
192,1997.0,640.0,320.0,0.0,,43.0,60.0,20.0,2.0,320.0,142.0,
193,,,320.0,,43.0,,60.0,10.0,1.0,170.0,107.0,
194,1997.0,,640.0,0.0,36.0,,50.0,20.0,4.0,270.0,,
195,1999.0,1152.0,640.0,0.0,39.0,39.0,60.0,15.0,8.0,400.0,135.0,229.0
196,1998.0,,640.0,1.0,35.0,35.0,50.0,10.0,4.0,0.0,0.0,229.0
197,1998.0,1280.0,640.0,1.0,34.0,102.0,80.0,,8.0,0.0,0.0,229.0
198,2003.0,2048.0,1600.0,3.0,34.0,102.0,50.0,,,285.0,105.0,399.0
199,,2304.0,,,,,,11.0,16.0,285.0,105.0,129.0
200,,2304.0,,4.0,34.0,102.0,,11.0,,203.0,92.0,129.0
201,2004.0,,2240.0,6.0,0.0,0.0,0.0,0.0,0.0,620.0,142.0,4499.0
202,2000.0,2400.0,1280.0,,,36.0,50.0,,64.0,200.0,85.5,169.0
203,2001.0,2400.0,1600.0,2.0,36.0,36.0,,6.0,64.0,200.0,,169.0
204,1999.0,1280.0,640.0,1.0,35.0,105.0,,25.0,4.0,,100.0,169.0
205,,1280.0,640.0,1.0,35.0,105.0,20.0,20.0,,700.0,153.0,169.0
206,2000.0,,640.0,1.0,38.0,38.0,80.0,8.0,8.0,,110.0,169.0
207,2001.0,1600.0,,1.0,36.0,36.0,80.0,8.0,8.0,240.0,110.0,169.0
208,2000.0,1600.0,1280.0,,38.0,114.0,80.0,,8.0,,125.0,169.0
209,2001.0,1600.0,1280.0,1.0,,,80.0,,,260.0,,169.0
210,2002.0,1600.0,,1.0,38.0,,,8.0,,235.0,,169.0
211,2001.0,1600.0,1280.0,,,228.0,80.0,10.0,16.0,360.0,,169.0
212,2001.0,,1280.0,1.0,38.0,38.0,,8.0,16.0,200.0,85.0,199.0
213,2002.0,2048.0,,3.0,,228.0,,10.0,16.0,,100.0,399.0
214,2001.0,2400.0,1600.0,2.0,36.0,108.0,60.0,,16.0,280.0,80.0,169.0
215,2000.0,2400.0,1600.0,2.0,35.0,,50.0,10.0,16.0,,110.0,169.0
216,2001.0,2832.0,,3.0,36.0,,60.0,20.0,16.0,280.0,,169.0
217,2001.0,2832.0,2048.0,,35.0,210.0,50.0,10.0,16.0,450.0,,169.0
218,2001.0,1280.0,640.0,1.0,36.0,36.0,80.0,,8.0,190.0,99.0,169.0
219,2004.0,,1600.0,,,38.0,80.0,9.0,,170.0,102.0,169.0
220,,,,1.0,36.0,,80.0,8.0,16.0,180.0,99.0,169.0
221,2001.0,1600.0,,1.0,36.0,36.0,80.0,,16.0,190.0,99.0,169.0
222,2002.0,1600.0,1280.0,1.0,38.0,114.0,60.0,,16.0,180.0,,
223,2003.0,1600.0,1280.0,1.0,,108.0,,10.0,16.0,225.0,99.0,169.0
224,2003.0,2048.0,1600.0,3.0,36.0,108.0,80.0,10.0,16.0,,,169.0
225,2002.0,2048.0,1600.0,3.0,38.0,114.0,60.0,,16.0,,97.0,169.0
226,2003.0,2816.0,,3.0,38.0,114.0,60.0,10.0,16.0,190.0,97.0,169.0
227,2004.0,2016.0,1600.0,3.0,38.0,114.0,60.0,10.0,16.0,160.0,104.0,169.0
228,2004.0,2272.0,1600.0,4.0,38.0,114.0,60.0,,,160.0,104.0,169.0
229,2005.0,2304.0,2048.0,,35.0,,60.0,6.0,16.0,,90.0,169.0
230,2005.0,,,5.0,35.0,105.0,,,16.0,,90.0,169.0
231,2006.0,2303.0,1600.0,4.0,38.0,,,10.0,12.0,170.0,,169.0
232,2006.0,2592.0,2048.0,5.0,38.0,114.0,60.0,10.0,,170.0,93.0,169.0
233,2006.0,2848.0,2048.0,6.0,36.0,108.0,50.0,10.0,12.0,195.0,93.0,169.0
234,,2848.0,2048.0,6.0,,117.0,60.0,10.0,10.0,195.0,,
235,,3296.0,2304.0,8.0,36.0,108.0,50.0,,10.0,,,169.0
236,2007.0,3296.0,,8.0,39.0,156.0,60.0,10.0,10.0,205.0,98.0,169.0
237,2007.0,3488.0,2048.0,9.0,39.0,156.0,60.0,10.0,10.0,205.0,98.0,169.0
238,2007.0,,,9.0,39.0,156.0,60.0,10.0,10.0,206.0,98.0,169.0
239,2004.0,2304.0,,4.0,,91.0,60.0,,,226.0,101.0,169.0
240,2004.0,2592.0,2048.0,5.0,,91.0,60.0,2.0,16.0,,101.0,
241,2004.0,4048.0,2048.0,6.0,32.0,130.0,60.0,,16.0,,105.0,169.0
242,2005.0,3488.0,2592.0,9.0,,128.0,60.0,7.0,16.0,260.0,102.0,
243,2005.0,,,,36.0,108.0,60.0,8.0,16.0,190.0,92.0,179.0
244,2005.0,2848.0,2048.0,,,108.0,60.0,5.0,16.0,190.0,,
245,2006.0,2848.0,2048.0,6.0,,108.0,60.0,5.0,10.0,,94.0,169.0
246,2006.0,2848.0,2048.0,6.0,36.0,,60.0,,10.0,185.0,93.0,
247,2006.0,,2048.0,6.0,36.0,108.0,60.0,5.0,26.0,185.0,93.0,199.0
248,2002.0,2304.0,1600.0,2.0,,114.0,60.0,10.0,16.0,,,169.0
249,2002.0,2304.0,1600.0,2.0,39.0,,50.0,,,145.0,77.0,199.0
250,2007.0,,2304.0,8.0,36.0,108.0,45.0,7.0,25.0,181.0,96.0,199.0
251,2003.0,2816.0,2048.0,,38.0,114.0,60.0,10.0,,,85.0,169.0
252,2003.0,2816.0,2048.0,3.0,36.0,,,8.0,16.0,180.0,77.0,169.0
253,2004.0,,1600.0,3.0,38.0,130.0,60.0,9.0,16.0,180.0,,169.0
254,,,2048.0,5.0,38.0,130.0,60.0,9.0,16.0,180.0,75.0,199.0
255,,2592.0,2048.0,5.0,38.0,130.0,60.0,9.0,16.0,,,199.0
256,2006.0,2816.0,2048.0,6.0,35.0,105.0,70.0,10.0,16.0,150.0,,169.0
257,2007.0,3264.0,2304.0,,28.0,112.0,,5.0,12.0,170.0,96.0,169.0
258,2007.0,4000.0,2848.0,12.0,,105.0,45.0,,25.0,205.0,93.0,199.0
259,2002.0,2832.0,,3.0,,,60.0,,16.0,280.0,,169.0
260,,4048.0,,,35.0,105.0,60.0,9.0,16.0,205.0,72.0,169.0
261,2006.0,2816.0,2048.0,6.0,36.0,180.0,,,32.0,200.0,105.0,169.0
262,2003.0,2832.0,2048.0,,,105.0,60.0,9.0,16.0,205.0,108.0,169.0
263,2004.0,2832.0,,,32.0,130.0,,8.0,16.0,225.0,110.0,
264,2004.0,4048.0,2848.0,6.0,32.0,130.0,60.0,7.0,16.0,250.0,110.0,169.0
265,2007.0,3488.0,,9.0,28.0,300.0,0.0,0.0,0.0,750.0,128.0,
266,,,2048.0,3.0,38.0,76.0,60.0,20.0,16.0,280.0,65.0,169.0
267,2004.0,,2016.0,6.0,35.0,210.0,50.0,1.0,16.0,597.0,121.0,1699.0
268,,2048.0,1600.0,3.0,38.0,228.0,80.0,10.0,16.0,400.0,100.0,229.0
269,2004.0,2272.0,1600.0,,39.0,,80.0,10.0,16.0,385.0,,229.0
270,2003.0,2816.0,2048.0,,37.0,370.0,90.0,10.0,16.0,430.0,113.0,
271,2004.0,2272.0,1600.0,4.0,,370.0,90.0,10.0,16.0,387.0,113.0,
272,2005.0,,2048.0,5.0,38.0,,90.0,,16.0,,114.0,
273,2007.0,3072.0,2304.0,7.0,38.0,380.0,30.0,10.0,27.0,406.0,106.0,229.0
274,2006.0,2848.0,2048.0,,28.0,300.0,40.0,10.0,10.0,,131.0,399.0
275,2002.0,2832.0,2048.0,,35.0,210.0,50.0,1.0,16.0,,,
276,2002.0,,2048.0,3.0,35.0,210.0,,,340.0,590.0,121.0,1699.0
277,2003.0,4048.0,,6.0,35.0,210.0,,1.0,,590.0,121.0,229.0
278,2007.0,3264.0,2304.0,8.0,27.0,,70.0,10.0,58.0,510.0,111.0,399.0
279,2005.0,3488.0,2592.0,9.0,28.0,300.0,,1.0,16.0,,128.0,229.0
280,2006.0,3488.0,2592.0,9.0,28.0,300.0,,0.0,0.0,750.0,,229.0
281,2006.0,2592.0,2048.0,,36.0,130.0,60.0,9.0,16.0,185.0,83.0,179.0
282,,2592.0,,5.0,36.0,108.0,60.0,8.0,16.0,170.0,90.0,179.0
283,2007.0,3072.0,,7.0,,114.0,60.0,8.0,54.0,160.0,91.0,399.0
284,2005.0,,2048.0,5.0,,,60.0,,16.0,170.0,90.0,179.0
285,2006.0,2592.0,2048.0,5.0,36.0,108.0,60.0,,10.0,,89.0,179.0
286,,4256.0,3024.0,6.0,0.0,,0.0,0.0,0.0,920.0,147.0,1699.0
287,1999.0,,640.0,1.0,38.0,38.0,,10.0,,240.0,110.0,169.0
288,,,,1.0,38.0,,80.0,10.0,4.0,390.0,,169.0
289,1999.0,1280.0,640.0,1.0,38.0,38.0,50.0,10.0,4.0,250.0,104.0,169.0
290,1999.0,1280.0,640.0,1.0,38.0,114.0,80.0,20.0,8.0,270.0,,
291,,,1280.0,,35.0,35.0,50.0,9.0,4.0,,80.0,169.0
292,1999.0,,1280.0,2.0,,105.0,90.0,25.0,,385.0,,179.0
293,,2400.0,1280.0,2.0,36.0,108.0,80.0,20.0,,280.0,78.0,
294,1998.0,1280.0,640.0,1.0,35.0,35.0,50.0,9.0,2.0,220.0,123.0,169.0
295,1999.0,1280.0,,1.0,38.0,115.0,90.0,25.0,4.0,0.0,122.0,179.0
296,1998.0,,640.0,1.0,35.0,,50.0,9.0,2.0,260.0,80.0,169.0
297,2000.0,3040.0,2340.0,3.0,0.0,0.0,0.0,,16.0,,148.0,
298,2002.0,4256.0,3024.0,,0.0,0.0,0.0,0.0,0.0,850.0,142.0,1699.0
299,2004.0,,3024.0,6.0,0.0,,0.0,0.0,0.0,930.0,,1699.0
300,2006.0,4256.0,,6.0,0.0,0.0,0.0,0.0,0.0,920.0,147.0,1699.0
301,2002.0,1632.0,640.0,2.0,38.0,38.0,75.0,0.0,8.0,,113.0,
302,2003.0,,640.0,3.0,36.0,36.0,85.0,85.0,16.0,,,179.0
303,,1632.0,640.0,,36.0,102.0,20.0,20.0,8.0,280.0,120.0,179.0
304,2003.0,1636.0,640.0,2.0,38.0,114.0,80.0,10.0,,240.0,240.0,179.0
305,,2048.0,,3.0,34.0,,60.0,20.0,16.0,320.0,127.0,179.0
306,2002.0,,640.0,3.0,34.0,,20.0,20.0,16.0,340.0,118.0,179.0
307,,,,3.0,38.0,,0.0,0.0,,,105.0,179.0
308,2002.0,2272.0,1136.0,3.0,37.0,111.0,,14.0,,,95.0,179.0
309,,2272.0,1136.0,3.0,37.0,300.0,50.0,10.0,0.0,489.0,,179.0
310,2003.0,2608.0,1296.0,5.0,37.0,111.0,50.0,14.0,32.0,,,179.0
311,2003.0,,1296.0,,37.0,300.0,50.0,10.0,32.0,,123.0,179.0
312,1998.0,,576.0,1.0,39.0,39.0,,,,300.0,127.0,179.0
313,1999.0,,,1.0,,35.0,60.0,20.0,8.0,300.0,126.0,179.0
314,2000.0,,640.0,1.0,43.0,43.0,60.0,10.0,,290.0,124.0,179.0
315,1998.0,1152.0,576.0,1.0,35.0,35.0,,,4.0,,126.0,179.0
316,2000.0,,640.0,1.0,38.0,38.0,,30.0,8.0,,128.0,179.0
317,,1600.0,,1.0,38.0,115.0,0.0,0.0,16.0,410.0,,179.0
318,2000.0,1600.0,800.0,1.0,34.0,108.0,50.0,,,,,
319,2000.0,1600.0,800.0,,,108.0,50.0,10.0,,150.0,99.0,179.0
320,,,2048.0,,35.0,35.0,60.0,10.0,16.0,231.0,95.0,179.0
321,2006.0,2560.0,2048.0,5.0,35.0,35.0,60.0,,,,96.0,179.0
322,2007.0,2576.0,0.0,5.0,36.0,,100.0,0.0,16.0,170.0,96.0,179.0
323,2005.0,2320.0,1600.0,,36.0,36.0,0.0,0.0,16.0,,,179.0
324,2005.0,2320.0,1600.0,,36.0,36.0,,,16.0,,109.0,179.0
325,2004.0,2080.0,1280.0,3.0,40.0,111.0,80.0,10.0,16.0,177.0,107.0,179.0
326,,2320.0,1280.0,4.0,40.0,111.0,50.0,10.0,,190.0,95.0,
327,2005.0,2576.0,2048.0,5.0,36.0,108.0,50.0,12.0,16.0,,96.0,179.0
328,2006.0,,2080.0,5.0,38.0,114.0,50.0,12.0,,172.0,109.0,
329,2007.0,,0.0,5.0,38.0,114.0,50.0,10.0,16.0,190.0,95.0,179.0
330,2005.0,2576.0,,,,,80.0,12.0,16.0,190.0,97.0,179.0
331,2006.0,2800.0,,6.0,38.0,114.0,50.0,12.0,16.0,192.0,96.0,179.0
332,2006.0,2800.0,2288.0,,38.0,114.0,50.0,12.0,16.0,227.0,99.0,179.0
333,2007.0,2848.0,0.0,6.0,38.0,114.0,50.0,0.0,32.0,157.0,90.0,
334,2007.0,3264.0,0.0,8.0,,,0.0,14.0,32.0,,90.0,
335,,,1280.0,4.0,35.0,105.0,50.0,6.0,32.0,205.0,,179.0
336,2004.0,2320.0,1280.0,4.0,35.0,,,14.0,32.0,205.0,,
337,,2608.0,1296.0,5.0,39.0,117.0,50.0,14.0,32.0,150.0,93.0,179.0
338,2005.0,2864.0,2592.0,6.0,39.0,,50.0,10.0,32.0,,,179.0
339,2006.0,2864.0,,6.0,,118.0,,,32.0,136.0,94.0,179.0
340,2006.0,2864.0,2592.0,6.0,39.0,,50.0,5.0,32.0,190.0,91.0,
341,2007.0,,,7.0,36.0,,50.0,3.0,32.0,190.0,,179.0
342,2005.0,2592.0,2048.0,5.0,36.0,180.0,20.0,3.0,32.0,205.0,100.0,
343,2005.0,2592.0,2048.0,,36.0,180.0,20.0,1.0,,200.0,96.0,
344,2007.0,3112.0,0.0,7.0,39.0,,,,32.0,227.0,,179.0
345,2006.0,3296.0,,,35.0,105.0,50.0,,,,,
346,2007.0,3298.0,0.0,8.0,39.0,118.0,50.0,,,,,179.0
347,2001.0,2032.0,1024.0,3.0,37.0,86.0,50.0,2.0,8.0,320.0,,14.0
348,2001.0,2032.0,,3.0,37.0,86.0,50.0,,16.0,320.0,111.0,14.0
349,,2096.0,0.0,3.0,,,80.0,,,198.0,104.0,129.0
350,2005.0,2336.0,,4.0,35.0,35.0,,,16.0,154.0,103.0,129.0
351,,2336.0,,,,102.0,60.0,13.0,16.0,,,129.0
352,2005.0,2576.0,0.0,5.0,34.0,,60.0,13.0,,198.0,92.0,129.0
353,,2690.0,2569.0,,34.0,102.0,60.0,7.0,,170.0,,
354,2006.0,,2048.0,4.0,36.0,108.0,60.0,10.0,16.0,180.0,91.0,126.0
355,2007.0,2572.0,2048.0,5.0,,108.0,60.0,13.0,16.0,188.0,91.0,126.0
356,2006.0,2576.0,2048.0,5.0,37.0,111.0,60.0,,16.0,200.0,91.0,126.0
357,2007.0,2848.0,2048.0,6.0,36.0,108.0,,13.0,16.0,187.0,91.0,126.0
358,2006.0,2848.0,2304.0,6.0,36.0,108.0,,,22.0,,92.0,
359,,2848.0,2304.0,6.0,36.0,108.0,60.0,,22.0,195.0,89.0,126.0
360,,2832.0,2304.0,6.0,,102.0,60.0,,32.0,190.0,85.0,126.0
361,2006.0,,,7.0,37.0,111.0,60.0,13.0,32.0,,,126.0
362,2007.0,,2592.0,7.0,35.0,105.0,60.0,5.0,32.0,180.0,90.0,126.0
363,2006.0,3264.0,,8.0,37.0,185.0,60.0,10.0,32.0,225.0,91.0,126.0
364,2002.0,,0.0,2.0,37.0,37.0,75.0,,16.0,250.0,109.0,
365,2002.0,1632.0,0.0,2.0,36.0,108.0,50.0,10.0,16.0,280.0,115.0,129.0
366,,2080.0,0.0,,38.0,76.0,30.0,15.0,16.0,250.0,,126.0
367,2003.0,1632.0,0.0,,37.0,37.0,50.0,50.0,8.0,195.0,104.0,129.0
368,2003.0,1632.0,0.0,2.0,36.0,108.0,50.0,50.0,,225.0,104.0,
369,2003.0,2032.0,0.0,3.0,37.0,111.0,60.0,60.0,,,103.0,126.0
370,,0.0,,,37.0,78.0,50.0,60.0,,195.0,104.0,129.0
371,,2096.0,0.0,3.0,,37.0,80.0,0.0,16.0,162.0,104.0,
372,2004.0,2032.0,0.0,3.0,,111.0,60.0,13.0,,225.0,103.0,126.0
373,2004.0,2408.0,,4.0,,102.0,60.0,10.0,16.0,198.0,103.0,
374,2004.0,2560.0,0.0,4.0,34.0,102.0,60.0,10.0,32.0,,103.0,126.0
375,1998.0,1152.0,640.0,0.0,39.0,39.0,,0.0,4.0,,131.0,129.0
376,1999.0,1152.0,640.0,,39.0,39.0,70.0,,4.0,400.0,131.0,129.0
377,1998.0,1152.0,640.0,,29.0,58.0,50.0,20.0,,,131.0,129.0
378,1999.0,1152.0,640.0,,,58.0,,20.0,4.0,,115.0,129.0
379,,1152.0,640.0,0.0,,58.0,50.0,20.0,8.0,,118.0,129.0
380,,1280.0,640.0,1.0,39.0,117.0,50.0,25.0,,420.0,133.0,129.0
381,1998.0,1536.0,768.0,1.0,,115.0,30.0,,8.0,550.0,118.0,129.0
382,1999.0,,768.0,,,115.0,30.0,0.0,16.0,550.0,118.0,129.0
383,1999.0,1760.0,,2.0,30.0,60.0,50.0,,20.0,420.0,133.0,
384,1999.0,1792.0,1440.0,2.0,38.0,,30.0,0.0,20.0,550.0,118.0,
385,2000.0,1152.0,576.0,0.0,39.0,,60.0,0.0,2.0,240.0,113.0,
386,2000.0,1760.0,,2.0,38.0,76.0,50.0,25.0,,,,
387,2000.0,1760.0,896.0,2.0,33.0,33.0,50.0,,0.0,200.0,95.0,129.0
388,,2160.0,1800.0,,28.0,84.0,50.0,20.0,16.0,320.0,120.0,129.0
389,,1760.0,896.0,,30.0,,50.0,20.0,,459.0,140.0,126.0
390,2002.0,4536.0,3024.0,13.0,0.0,0.0,0.0,0.0,0.0,,,
391,1998.0,1520.0,,1.0,0.0,0.0,0.0,0.0,,1800.0,137.0,126.0
392,1999.0,2008.0,0.0,3.0,0.0,,0.0,0.0,0.0,1080.0,137.0,126.0
393,1994.0,,0.0,1.0,0.0,0.0,0.0,0.0,,1700.0,170.0,129.0
394,1995.0,3060.0,0.0,6.0,0.0,0.0,0.0,,0.0,,170.0,129.0
395,1998.0,,0.0,2.0,,0.0,0.0,0.0,,1650.0,,129.0
396,1998.0,3040.0,,6.0,0.0,0.0,,0.0,0.0,1650.0,161.0,129.0
397,1999.0,,0.0,2.0,0.0,,0.0,0.0,0.0,,,
398,2000.0,1728.0,0.0,2.0,0.0,0.0,0.0,0.0,0.0,1580.0,194.0,129.0
399,1999.0,3040.0,0.0,6.0,0.0,0.0,0.0,,0.0,1580.0,,129.0
400,2001.0,1728.0,0.0,2.0,0.0,0.0,0.0,0.0,0.0,1580.0,194.0,
401,2001.0,,0.0,6.0,0.0,,0.0,0.0,0.0,1860.0,194.0,129.0
402,2004.0,4500.0,3000.0,13.0,0.0,0.0,,0.0,0.0,1000.0,137.0,129.0
403,2004.0,4500.0,3000.0,13.0,,0.0,,0.0,0.0,1000.0,131.0,129.0
404,,1280.0,,1.0,30.0,60.0,75.0,22.0,8.0,,,129.0
405,,,900.0,2.0,38.0,38.0,75.0,22.0,8.0,225.0,120.0,
406,,1800.0,900.0,2.0,35.0,70.0,50.0,,,,120.0,129.0
407,2001.0,2160.0,0.0,3.0,,37.0,50.0,15.0,8.0,,150.0,129.0
408,2001.0,,1800.0,3.0,35.0,,50.0,7.0,8.0,260.0,116.0,129.0
409,,2160.0,1800.0,3.0,38.0,114.0,,7.0,,,111.0,126.0
410,2003.0,2580.0,0.0,5.0,,114.0,60.0,7.0,32.0,210.0,111.0,
411,2002.0,2448.0,2160.0,4.0,35.0,,50.0,7.0,16.0,260.0,116.0,129.0
412,,2032.0,0.0,3.0,36.0,144.0,50.0,10.0,16.0,,109.0,126.0
413,2003.0,2304.0,0.0,4.0,,132.0,50.0,,16.0,270.0,109.0,
414,2003.0,,0.0,4.0,38.0,380.0,60.0,12.0,16.0,380.0,100.0,129.0
415,2004.0,2304.0,2048.0,4.0,33.0,132.0,50.0,10.0,32.0,270.0,100.0,129.0
416,2004.0,,2576.0,,38.0,380.0,,12.0,,400.0,97.0,126.0
417,2004.0,2872.0,0.0,6.0,,117.0,,7.0,32.0,270.0,100.0,126.0
418,2005.0,2304.0,0.0,4.0,36.0,100.0,60.0,,256.0,275.0,,296.0
419,,1752.0,876.0,,38.0,,80.0,0.0,8.0,160.0,,129.0
420,2002.0,2448.0,2160.0,,35.0,105.0,70.0,13.0,16.0,260.0,,129.0
421,2003.0,2041.0,0.0,3.0,37.0,111.0,60.0,13.0,16.0,260.0,114.0,
422,2004.0,2304.0,0.0,4.0,36.0,100.0,,12.0,16.0,220.0,108.0,
423,2004.0,2569.0,0.0,,36.0,108.0,60.0,,,220.0,,
424,2004.0,2592.0,2288.0,5.0,36.0,108.0,70.0,5.0,,210.0,95.0,126.0
425,2007.0,3056.0,2592.0,7.0,37.0,111.0,40.0,,16.0,165.0,93.0,126.0
426,2007.0,3296.0,2592.0,8.0,37.0,111.0,40.0,7.0,16.0,165.0,93.0,146.0
427,2007.0,3264.0,2592.0,8.0,38.0,114.0,70.0,10.0,,,92.0,146.0
428,2007.0,,0.0,8.0,38.0,,70.0,10.0,64.0,166.0,92.0,146.0
429,2001.0,640.0,,0.0,37.0,37.0,70.0,,,198.0,105.0,129.0
430,2006.0,3072.0,2592.0,7.0,36.0,,50.0,10.0,32.0,,108.0,
431,2005.0,2592.0,2048.0,5.0,,432.0,10.0,10.0,32.0,,,
432,,3264.0,2560.0,8.0,24.0,140.0,10.0,,,,116.0,146.0
433,2007.0,,2560.0,10.0,36.0,,60.0,5.0,24.0,185.0,,129.0
434,2005.0,2569.0,,5.0,36.0,108.0,,,16.0,150.0,92.0,126.0
435,,,2576.0,5.0,36.0,108.0,60.0,7.0,32.0,160.0,94.0,126.0
436,2006.0,2569.0,2576.0,5.0,,117.0,0.0,0.0,32.0,175.0,101.0,129.0
437,,2832.0,2304.0,6.0,38.0,380.0,0.0,0.0,32.0,195.0,111.0,129.0
438,,,2576.0,7.0,,117.0,60.0,5.0,32.0,165.0,,
439,,3264.0,2560.0,8.0,36.0,108.0,60.0,5.0,24.0,185.0,103.0,
440,2007.0,4000.0,2832.0,12.0,35.0,175.0,60.0,,,,90.0,129.0
441,,2848.0,2304.0,6.0,35.0,,50.0,10.0,32.0,,104.0,129.0
442,2006.0,2848.0,2304.0,6.0,38.0,380.0,60.0,12.0,32.0,,98.0,126.0
443,,2304.0,,4.0,35.0,,,10.0,16.0,270.0,,126.0
444,2006.0,3072.0,2592.0,7.0,38.0,380.0,60.0,12.0,,360.0,98.0,
445,2007.0,,2592.0,,,423.0,60.0,13.0,32.0,350.0,104.0,126.0
446,2005.0,2576.0,2304.0,5.0,33.0,132.0,50.0,10.0,32.0,270.0,100.0,
447,2005.0,2576.0,2304.0,5.0,38.0,380.0,60.0,,32.0,,,126.0
448,2005.0,2576.0,,5.0,38.0,380.0,60.0,12.0,,400.0,97.0,126.0
449,2005.0,2872.0,2856.0,6.0,39.0,117.0,60.0,7.0,32.0,259.0,100.0,126.0
450,,3264.0,2592.0,8.0,36.0,180.0,60.0,7.0,32.0,211.0,,
451,2000.0,2048.0,1024.0,3.0,,76.0,60.0,10.0,8.0,240.0,38.0,
452,2003.0,2048.0,1024.0,3.0,,115.0,60.0,20.0,,220.0,111.0,169.0
453,2003.0,2048.0,,3.0,,115.0,60.0,20.0,16.0,220.0,112.0,169.0
454,2003.0,2304.0,1600.0,4.0,35.0,105.0,,20.0,16.0,,112.0,199.0
455,,2272.0,1600.0,4.0,37.0,370.0,,,0.0,340.0,107.0,
456,,2272.0,1600.0,4.0,37.0,370.0,60.0,,0.0,340.0,107.0,179.0
457,2001.0,2048.0,1024.0,3.0,,76.0,30.0,6.0,16.0,160.0,,
458,2002.0,2048.0,1600.0,3.0,35.0,105.0,55.0,12.0,16.0,205.0,92.0,1699.0
459,2003.0,2048.0,1600.0,3.0,35.0,,60.0,,,205.0,,1699.0
460,2002.0,2048.0,1024.0,3.0,35.0,,,12.0,16.0,175.0,,1699.0
461,2002.0,2272.0,1280.0,,35.0,105.0,,12.0,16.0,175.0,,1699.0
462,2002.0,2560.0,1600.0,5.0,35.0,105.0,55.0,12.0,,205.0,,1699.0
463,2003.0,2560.0,,5.0,35.0,105.0,60.0,17.0,16.0,205.0,92.0,1699.0
464,2003.0,2048.0,,,35.0,115.0,60.0,20.0,16.0,175.0,100.0,229.0
465,2004.0,2272.0,1600.0,,35.0,115.0,60.0,20.0,16.0,155.0,100.0,229.0
466,2006.0,2816.0,2048.0,6.0,,,50.0,5.0,,155.0,,509.0
467,1998.0,,,,,35.0,50.0,9.0,2.0,260.0,80.0,149.0
468,2002.0,2240.0,,3.0,33.0,100.0,30.0,6.0,32.0,,127.0,249.0
469,2003.0,,2048.0,,,90.0,30.0,30.0,,705.0,135.0,249.0
470,2006.0,3136.0,,7.0,0.0,0.0,0.0,0.0,,606.0,146.0,269.0
471,2000.0,2400.0,1280.0,2.0,,108.0,80.0,20.0,16.0,280.0,78.0,149.0
472,2000.0,1280.0,640.0,1.0,38.0,,80.0,20.0,8.0,,79.0,249.0
473,2005.0,3840.0,3072.0,8.0,28.0,,50.0,5.0,32.0,220.0,106.0,
474,2006.0,4224.0,3840.0,10.0,28.0,112.0,,5.0,13.0,,106.0,509.0
475,2006.0,3936.0,2952.0,10.0,0.0,0.0,0.0,0.0,0.0,591.0,139.0,146.0
476,2006.0,3648.0,3264.0,10.0,35.0,,30.0,5.0,32.0,734.0,,509.0
477,1997.0,512.0,,,52.0,52.0,23.0,14.0,1.0,200.0,60.0,229.0
478,2002.0,,1024.0,1.0,,114.0,0.0,0.0,8.0,,,229.0
479,,,1024.0,,36.0,108.0,,4.0,8.0,215.0,88.0,
480,2004.0,1600.0,1024.0,1.0,,108.0,30.0,4.0,14.0,190.0,88.0,229.0
481,,1600.0,1280.0,1.0,37.0,,30.0,4.0,,250.0,114.0,
482,1997.0,640.0,0.0,0.0,45.0,45.0,23.0,,4.0,,78.0,229.0
483,2003.0,2048.0,1600.0,3.0,38.0,,30.0,4.0,16.0,215.0,,99.0
484,2004.0,2048.0,1600.0,,38.0,115.0,30.0,4.0,14.0,190.0,88.0,229.0
485,2002.0,2048.0,1600.0,3.0,37.0,111.0,30.0,4.0,8.0,250.0,114.0,229.0
486,2003.0,2048.0,1600.0,3.0,35.0,105.0,,3.0,16.0,162.0,95.5,229.0
487,2004.0,2288.0,1600.0,3.0,35.0,105.0,,0.0,14.0,190.0,88.0,99.0
488,2004.0,2272.0,,3.0,38.0,114.0,30.0,4.0,12.0,180.0,88.0,229.0
489,2002.0,,,3.0,,114.0,,4.0,16.0,286.0,,229.0
490,2002.0,2272.0,,3.0,38.0,155.0,,2.0,,374.0,130.0,229.0
491,2005.0,2288.0,,3.0,34.0,,30.0,4.0,,180.0,85.0,
492,2004.0,2288.0,1600.0,,36.0,300.0,40.0,1.0,13.0,295.0,,229.0
493,,2560.0,,4.0,,85.0,50.0,2.0,32.0,414.0,102.0,229.0
494,2004.0,2592.0,2048.0,5.0,,114.0,,,12.0,,,229.0
495,2003.0,,1600.0,5.0,28.0,116.0,50.0,1.0,16.0,400.0,108.0,
496,2005.0,,2048.0,5.0,,102.0,30.0,4.0,14.0,180.0,,
497,2002.0,,,,,280.0,50.0,,,512.0,108.0,
498,2005.0,2592.0,,,38.0,114.0,30.0,4.0,13.0,185.0,88.0,229.0
499,1998.0,1024.0,512.0,0.0,36.0,36.0,50.0,,,,110.0,229.0
500,1999.0,1600.0,,1.0,,35.0,30.0,9.0,8.0,340.0,114.0,229.0
501,2005.0,3072.0,2592.0,7.0,,,30.0,,,195.0,85.0,229.0
502,2001.0,1600.0,1024.0,,38.0,115.0,,4.0,8.0,230.0,87.0,
503,2005.0,,2592.0,7.0,,114.0,,,13.0,185.0,88.0,229.0
504,1999.0,1600.0,640.0,1.0,38.0,76.0,,7.0,8.0,360.0,119.0,229.0
505,2004.0,3264.0,,8.0,24.0,85.0,50.0,,0.0,470.0,113.0,229.0
506,2004.0,3264.0,,,35.0,280.0,50.0,3.0,0.0,512.0,,229.0
507,2000.0,2048.0,1024.0,3.0,38.0,95.0,40.0,4.0,8.0,320.0,99.5,229.0
508,2004.0,,,,35.0,350.0,50.0,3.0,0.0,,116.0,229.0
509,,2048.0,1024.0,,38.0,,40.0,4.0,,286.0,,159.0
510,1998.0,1280.0,640.0,,,,50.0,20.0,4.0,420.0,,229.0
511,1998.0,1280.0,640.0,1.0,38.0,,50.0,20.0,8.0,420.0,157.0,229.0
512,1999.0,1600.0,1024.0,1.0,38.0,115.0,30.0,2.0,,480.0,143.0,229.0
513,,2048.0,1024.0,3.0,38.0,,,2.0,16.0,450.0,143.0,229.0
514,2001.0,,,,38.0,152.0,30.0,2.0,16.0,,,159.0
515,2005.0,,,6.0,38.0,190.0,50.0,,10.0,195.0,90.0,99.0
516,2007.0,2560.0,2048.0,4.0,37.0,112.0,,15.0,,165.0,,99.0
517,,2816.0,2048.0,6.0,37.0,112.0,40.0,15.0,7.0,175.0,90.0,99.0
518,2007.0,,2592.0,7.0,35.0,,50.0,15.0,21.0,175.0,91.0,99.0
519,2007.0,3072.0,2048.0,7.0,38.0,114.0,60.0,10.0,23.0,,91.0,129.0
520,2007.0,3264.0,2592.0,8.0,,105.0,50.0,15.0,,225.0,91.0,
521,,2816.0,,6.0,,116.0,30.0,10.0,23.0,170.0,91.0,99.0
522,2006.0,,2048.0,5.0,38.0,116.0,,10.0,23.0,170.0,91.0,
523,2006.0,2272.0,1600.0,,,114.0,30.0,4.0,10.0,,87.0,
524,2006.0,3072.0,2592.0,7.0,,190.0,50.0,4.0,,,97.0,99.0
525,2006.0,2816.0,,6.0,38.0,116.0,30.0,10.0,23.0,175.0,91.0,
526,,3264.0,,,,126.0,50.0,4.0,32.0,,91.0,99.0
527,2005.0,2592.0,,,35.0,126.0,50.0,4.0,16.0,185.0,91.0,229.0
528,2006.0,3264.0,2592.0,8.0,,126.0,30.0,4.0,23.0,200.0,92.0,229.0
529,2006.0,3264.0,2592.0,8.0,36.0,126.0,30.0,,23.0,200.0,,
530,2007.0,3264.0,,8.0,28.0,102.0,,5.0,52.0,210.0,95.0,229.0
531,2007.0,3648.0,2592.0,10.0,36.0,126.0,30.0,4.0,26.0,240.0,98.0,399.0
532,,4000.0,3264.0,12.0,35.0,123.0,30.0,,52.0,250.0,98.0,399.0
533,2005.0,2592.0,,,35.0,105.0,30.0,,12.0,,90.0,99.0
534,2006.0,,2048.0,,38.0,380.0,30.0,4.0,16.0,,113.0,99.0
535,2005.0,,2048.0,,35.0,105.0,30.0,,12.0,,92.0,199.0
536,2007.0,3072.0,2592.0,7.0,,114.0,60.0,10.0,20.0,165.0,92.0,229.0
537,2005.0,,2048.0,6.0,35.0,105.0,30.0,,12.0,132.0,90.0,199.0
538,,,2048.0,,38.0,380.0,30.0,6.0,13.0,225.0,112.0,199.0
539,2006.0,,2048.0,6.0,35.0,105.0,30.0,4.0,21.0,165.0,93.0,
540,2007.0,3072.0,,,,114.0,30.0,4.0,13.0,165.0,88.0,229.0
541,2007.0,3072.0,2592.0,7.0,35.0,,50.0,,26.0,165.0,88.0,
542,2007.0,3072.0,2592.0,7.0,38.0,114.0,,4.0,,165.0,,329.0
543,2007.0,3264.0,2592.0,7.0,38.0,114.0,30.0,4.0,13.0,175.0,93.0,279.0
544,2007.0,3264.0,3200.0,8.0,35.0,105.0,50.0,,52.0,125.0,88.0,399.0
545,2007.0,3264.0,2592.0,,38.0,114.0,30.0,4.0,13.0,175.0,,329.0
546,2006.0,2816.0,,6.0,35.0,105.0,30.0,4.0,20.0,,,
547,2006.0,3072.0,,,35.0,105.0,30.0,4.0,14.0,170.0,101.0,199.0
548,2006.0,2816.0,2048.0,6.0,38.0,114.0,,,24.0,165.0,91.0,199.0
549,2003.0,2016.0,1600.0,3.0,37.0,111.0,30.0,4.0,16.0,216.0,83.0,199.0
550,1999.0,,0.0,2.0,0.0,0.0,0.0,,0.0,1200.0,157.0,1599.0
551,2002.0,3008.0,2240.0,6.0,0.0,0.0,,0.0,0.0,,144.0,1599.0
552,2001.0,2000.0,0.0,2.0,0.0,,0.0,,0.0,1200.0,157.0,1599.0
553,2001.0,,,,,,0.0,0.0,,1200.0,157.0,
554,,,,10.0,0.0,0.0,0.0,0.0,0.0,920.0,147.0,
555,2003.0,,1840.0,4.0,0.0,,,0.0,0.0,1200.0,,
556,2005.0,2464.0,,4.0,0.0,,0.0,0.0,0.0,1200.0,158.0,
557,,4288.0,3216.0,,0.0,0.0,0.0,0.0,0.0,1200.0,158.0,4699.0
558,2006.0,4288.0,3216.0,,0.0,0.0,,0.0,,1200.0,158.0,4699.0
559,2007.0,,3184.0,,0.0,0.0,0.0,0.0,,1300.0,160.0,4999.0
560,2007.0,4288.0,3216.0,12.0,0.0,0.0,0.0,0.0,0.0,925.0,147.0,1799.0
561,2006.0,,,6.0,,0.0,0.0,0.0,,522.0,124.0,549.0
562,2007.0,3872.0,2896.0,,0.0,0.0,0.0,0.0,0.0,522.0,124.0,549.0
563,,3008.0,2256.0,,,0.0,0.0,0.0,0.0,620.0,133.0,1599.0
564,2004.0,3008.0,2240.0,,,0.0,0.0,0.0,0.0,679.0,140.0,1599.0
565,2005.0,3008.0,2240.0,6.0,0.0,0.0,0.0,0.0,,679.0,140.0,1599.0
566,,3872.0,,,0.0,0.0,0.0,0.0,0.0,668.0,132.0,1199.0
567,,1280.0,,1.0,,35.0,50.0,10.0,8.0,190.0,110.0,1699.0
568,2001.0,1280.0,1024.0,1.0,35.0,35.0,60.0,25.0,,190.0,123.0,1699.0
569,2002.0,,1024.0,,35.0,35.0,60.0,25.0,8.0,250.0,123.0,1699.0
570,2001.0,1280.0,640.0,1.0,,114.0,50.0,,8.0,,110.0,1699.0
571,2001.0,1600.0,1024.0,,36.0,,50.0,10.0,16.0,,110.0,1699.0
572,1999.0,,1024.0,1.0,35.0,105.0,80.0,20.0,8.0,380.0,108.0,
573,2001.0,,,1.0,35.0,105.0,80.0,20.0,8.0,250.0,,
574,,1600.0,1024.0,1.0,,,80.0,,8.0,380.0,108.0,129.0
575,,1600.0,1024.0,1.0,40.0,120.0,80.0,,,380.0,108.0,129.0
576,1999.0,1600.0,1024.0,1.0,38.0,,60.0,15.0,8.0,,107.0,
577,2000.0,1600.0,,1.0,38.0,,60.0,10.0,8.0,,113.0,129.0
578,1999.0,1712.0,1280.0,2.0,36.0,110.0,,2.0,,530.0,109.0,129.0
579,2000.0,,,3.0,32.0,96.0,80.0,20.0,,380.0,109.0,1699.0
580,,1984.0,,3.0,36.0,,80.0,20.0,16.0,300.0,118.0,1699.0
581,2001.0,2048.0,1600.0,3.0,,96.0,80.0,20.0,,380.0,109.0,
582,2000.0,2048.0,1600.0,3.0,32.0,,80.0,20.0,16.0,380.0,109.0,1699.0
583,2000.0,2048.0,1600.0,3.0,,105.0,,,16.0,420.0,109.0,1699.0
584,,,2048.0,,32.0,96.0,80.0,2.0,16.0,400.0,110.0,
585,2001.0,2272.0,2048.0,,35.0,105.0,80.0,20.0,16.0,420.0,110.0,129.0
586,2001.0,2272.0,2048.0,3.0,35.0,98.0,80.0,10.0,16.0,270.0,87.0,
587,2003.0,,2272.0,,38.0,114.0,50.0,,32.0,280.0,,
588,2002.0,2560.0,2288.0,4.0,35.0,105.0,,20.0,,480.0,114.0,449.0
589,2003.0,2592.0,2288.0,5.0,27.0,,80.0,3.0,32.0,480.0,116.0,449.0
590,,2560.0,2048.0,4.0,38.0,114.0,,20.0,32.0,230.0,100.0,449.0
591,2005.0,2592.0,2288.0,,38.0,190.0,60.0,8.0,16.0,340.0,,129.0
592,2004.0,,2560.0,5.0,38.0,,40.0,4.0,,230.0,99.0,449.0
593,2004.0,3072.0,2592.0,7.0,38.0,190.0,,2.0,32.0,280.0,102.0,129.0
594,2001.0,1600.0,1280.0,1.0,,380.0,60.0,10.0,8.0,340.0,,449.0
595,,3072.0,,7.0,27.0,110.0,80.0,3.0,32.0,480.0,,129.0
596,2002.0,1984.0,1600.0,3.0,40.0,320.0,60.0,,16.0,340.0,108.0,449.0
597,,2048.0,1600.0,3.0,38.0,380.0,60.0,,16.0,,108.0,
598,2003.0,2048.0,1600.0,3.0,38.0,380.0,60.0,3.0,16.0,,,449.0
599,2003.0,2288.0,2048.0,,38.0,380.0,60.0,3.0,16.0,340.0,108.0,449.0
600,,2288.0,,3.0,,,60.0,7.0,16.0,310.0,,449.0
601,2004.0,2288.0,2048.0,3.0,,,60.0,7.0,,310.0,105.0,449.0
602,2004.0,,2592.0,,28.0,,,5.0,32.0,724.0,124.0,179.0
603,1996.0,640.0,320.0,0.0,,36.0,,20.0,,320.0,145.0,129.0
604,1996.0,1024.0,512.0,0.0,,36.0,,,,320.0,145.0,1699.0
605,1998.0,1280.0,640.0,,,36.0,70.0,10.0,,320.0,128.0,1699.0
606,,1280.0,640.0,,36.0,36.0,70.0,10.0,8.0,320.0,128.0,1699.0
607,2000.0,1280.0,,1.0,36.0,36.0,50.0,10.0,8.0,280.0,128.0,1699.0
608,2003.0,,1024.0,1.0,35.0,35.0,50.0,20.0,,,108.0,1699.0
609,2004.0,2048.0,1024.0,,33.0,33.0,50.0,20.0,16.0,210.0,110.0,1699.0
610,1998.0,1280.0,,1.0,35.0,105.0,80.0,,8.0,,127.0,129.0
611,2005.0,,1600.0,3.0,37.0,,50.0,20.0,14.0,,101.0,1699.0
612,,2592.0,1600.0,,36.0,35.0,50.0,20.0,,140.0,101.0,1699.0
613,1999.0,1280.0,640.0,1.0,,105.0,80.0,20.0,8.0,,127.0,129.0
614,,,640.0,1.0,35.0,,80.0,20.0,8.0,320.0,127.0,
615,,,640.0,,35.0,105.0,80.0,20.0,8.0,,127.0,
616,1997.0,1024.0,640.0,0.0,50.0,150.0,,30.0,2.0,490.0,115.0,449.0
617,2002.0,1600.0,,1.0,35.0,,50.0,20.0,8.0,220.0,112.0,449.0
618,2004.0,2048.0,1600.0,,38.0,,50.0,2.0,,190.0,88.0,449.0
619,,2048.0,1600.0,3.0,38.0,114.0,50.0,2.0,16.0,200.0,100.0,449.0
620,,2288.0,1600.0,,38.0,114.0,50.0,2.0,14.0,190.0,106.0,449.0
621,2003.0,2048.0,1024.0,3.0,35.0,105.0,50.0,20.0,,220.0,108.0,449.0
622,2004.0,2288.0,1600.0,3.0,35.0,105.0,50.0,7.0,16.0,210.0,108.0,179.0
623,,2560.0,1600.0,4.0,38.0,114.0,50.0,,14.0,190.0,,
624,1997.0,1280.0,640.0,1.0,36.0,110.0,60.0,30.0,4.0,,,
625,,1280.0,640.0,1.0,36.0,,,30.0,,,115.0,1699.0
626,,2560.0,1600.0,,35.0,105.0,60.0,10.0,14.0,175.0,94.0,129.0
627,2003.0,,,4.0,,0.0,0.0,0.0,,735.0,141.0,1699.0
628,2000.0,2240.0,1600.0,3.0,35.0,140.0,60.0,20.0,0.0,1190.0,129.0,1699.0
629,2000.0,1368.0,1280.0,1.0,38.0,380.0,60.0,10.0,16.0,603.0,108.0,129.0
630,,2560.0,,4.0,35.0,140.0,,20.0,16.0,1190.0,129.0,1699.0
631,,3648.0,3200.0,10.0,0.0,0.0,0.0,0.0,,,142.0,1699.0
632,,3264.0,3200.0,8.0,,0.0,0.0,0.0,0.0,624.0,,
633,2006.0,3136.0,2560.0,7.0,0.0,0.0,0.0,,0.0,616.0,140.0,1699.0
634,2006.0,3648.0,3200.0,10.0,0.0,0.0,0.0,0.0,0.0,435.0,130.0,1699.0
635,2007.0,,3200.0,10.0,,0.0,,0.0,0.0,,130.0,1699.0
636,2005.0,,,8.0,0.0,0.0,,0.0,,479.0,130.0,1699.0
637,2007.0,3648.0,3200.0,10.0,0.0,0.0,,,0.0,490.0,136.0,1699.0
638,2005.0,2272.0,1600.0,4.0,35.0,,50.0,5.0,28.0,160.0,,129.0
639,2005.0,,1600.0,5.0,35.0,106.0,50.0,5.0,28.0,,88.0,129.0
640,2006.0,2560.0,1600.0,5.0,38.0,,50.0,2.0,28.0,160.0,88.0,
641,2005.0,2816.0,1600.0,6.0,38.0,114.0,50.0,5.0,14.0,,,129.0
642,2006.0,2592.0,2048.0,5.0,38.0,114.0,10.0,5.0,,160.0,96.0,129.0
643,2006.0,2816.0,2048.0,,38.0,114.0,10.0,5.0,22.0,160.0,,129.0
644,2006.0,,2048.0,5.0,,96.0,50.0,6.0,9.0,175.0,90.0,129.0
645,2006.0,2816.0,2048.0,6.0,38.0,,0.0,0.0,,175.0,90.0,129.0
646,2006.0,2816.0,2048.0,6.0,38.0,114.0,0.0,0.0,10.0,170.0,88.0,179.0
647,2006.0,2816.0,2048.0,,,114.0,0.0,,22.0,150.0,91.0,129.0
648,2006.0,,2048.0,,28.0,140.0,0.0,0.0,24.0,195.0,98.0,129.0
649,2007.0,3072.0,2048.0,7.0,38.0,,60.0,10.0,9.0,175.0,90.0,129.0
650,2007.0,3072.0,2048.0,7.0,,114.0,60.0,,20.0,145.0,91.0,129.0
651,2007.0,,2048.0,7.0,38.0,190.0,70.0,10.0,20.0,,91.0,129.0
652,2007.0,3264.0,2048.0,8.0,38.0,105.0,,,20.0,155.0,94.0,
653,2007.0,,,7.0,,,60.0,5.0,,122.0,90.0,129.0
654,2007.0,3264.0,,8.0,36.0,108.0,,,,108.0,92.0,179.0
655,2007.0,3072.0,2048.0,7.0,28.0,112.0,,,,142.0,98.0,129.0
656,2007.0,4000.0,2048.0,,35.0,,60.0,,48.0,115.0,94.0,129.0
657,2005.0,2560.0,2048.0,4.0,38.0,114.0,50.0,,15.0,160.0,,
658,2003.0,2048.0,,3.0,35.0,105.0,50.0,,16.0,220.0,99.0,229.0
659,2003.0,2272.0,2048.0,3.0,35.0,105.0,50.0,20.0,16.0,,99.0,
660,2005.0,3072.0,2592.0,7.0,38.0,114.0,,5.0,32.0,230.0,100.0,
661,2006.0,3072.0,,7.0,38.0,114.0,20.0,,25.0,,100.0,
662,2005.0,3264.0,2592.0,,38.0,,,5.0,32.0,245.0,100.0,449.0
663,2005.0,2816.0,,6.0,38.0,380.0,,3.0,10.0,385.0,106.0,
664,2006.0,3072.0,,,38.0,,60.0,3.0,0.0,410.0,106.0,449.0
665,2007.0,3072.0,2560.0,7.0,28.0,,10.0,1.0,20.0,460.0,,449.0
666,,3264.0,2560.0,8.0,27.0,,10.0,1.0,47.0,365.0,116.0,449.0
667,2005.0,,,6.0,38.0,114.0,30.0,10.0,11.0,180.0,98.0,449.0
668,2006.0,3648.0,2560.0,10.0,35.0,105.0,60.0,10.0,0.0,195.0,97.0,229.0
669,2007.0,4000.0,3264.0,12.0,35.0,105.0,60.0,10.0,47.0,,98.0,249.0
670,,2272.0,2048.0,3.0,35.0,,,20.0,16.0,200.0,99.0,229.0
671,2004.0,2560.0,2048.0,4.0,35.0,105.0,50.0,7.0,32.0,,,229.0
672,,,2560.0,,35.0,105.0,50.0,7.0,8.0,195.0,97.0,229.0
673,2006.0,,,,37.0,111.0,60.0,8.0,,140.0,95.0,229.0
674,,3072.0,2560.0,7.0,37.0,111.0,60.0,8.0,19.0,190.0,95.0,299.0
675,2006.0,3072.0,2560.0,7.0,38.0,,60.0,2.0,19.0,,91.0,299.0
676,2006.0,3072.0,,7.0,38.0,114.0,50.0,7.0,22.0,190.0,96.0,229.0
677,,3072.0,2560.0,7.0,,180.0,70.0,3.0,17.0,160.0,96.0,229.0
678,,3072.0,,7.0,36.0,180.0,,3.0,17.0,170.0,96.0,229.0
679,2007.0,,2560.0,7.0,37.0,111.0,60.0,8.0,18.0,160.0,99.0,229.0
680,2007.0,3072.0,,7.0,38.0,,50.0,7.0,18.0,195.0,,299.0
681,2007.0,3072.0,2560.0,7.0,36.0,180.0,,3.0,18.0,195.0,100.0,
682,2007.0,3072.0,2560.0,7.0,38.0,114.0,50.0,7.0,14.0,155.0,92.0,
683,2005.0,3264.0,,,,114.0,50.0,3.0,19.0,200.0,103.0,249.0
684,2006.0,3264.0,2560.0,8.0,35.0,105.0,60.0,10.0,,185.0,97.0,249.0
685,,3264.0,2560.0,8.0,36.0,,70.0,3.0,47.0,125.0,96.0,
686,2007.0,3248.0,2560.0,8.0,36.0,180.0,70.0,3.0,14.0,125.0,,
687,2004.0,2272.0,2048.0,3.0,35.0,,50.0,8.0,16.0,165.0,95.0,
688,2005.0,2560.0,,4.0,35.0,70.0,50.0,8.0,16.0,165.0,,299.0
689,2001.0,,800.0,,,70.0,,10.0,8.0,200.0,104.0,1499.0
690,2006.0,2816.0,2048.0,6.0,28.0,102.0,50.0,5.0,16.0,,94.0,1499.0
691,,3072.0,2560.0,7.0,28.0,102.0,50.0,5.0,0.0,170.0,94.0,1499.0
692,,2048.0,,3.0,35.0,105.0,50.0,10.0,16.0,185.0,0.0,1499.0
693,2007.0,2816.0,2048.0,,35.0,105.0,50.0,,,155.0,94.0,1499.0
694,2007.0,,3264.0,,,100.0,50.0,5.0,27.0,150.0,54.0,1499.0
695,2007.0,,2560.0,7.0,35.0,105.0,50.0,,27.0,155.0,94.0,1499.0
696,2004.0,2304.0,1600.0,4.0,35.0,105.0,,5.0,16.0,148.0,94.0,1499.0
697,,,,6.0,35.0,,,5.0,13.0,165.0,94.0,299.0
698,,,2560.0,7.0,28.0,100.0,50.0,5.0,,162.0,,299.0
699,,3264.0,2560.0,8.0,,100.0,50.0,,27.0,154.0,95.0,299.0
700,2003.0,2304.0,1600.0,,35.0,105.0,50.0,10.0,,185.0,0.0,1499.0
701,2006.0,,2560.0,7.0,28.0,,50.0,,0.0,190.0,98.0,1499.0
702,2007.0,3264.0,2560.0,8.0,28.0,100.0,50.0,5.0,27.0,165.0,95.0,1499.0
703,,2560.0,2048.0,4.0,,,50.0,,16.0,153.0,94.0,1499.0
704,,2560.0,2560.0,5.0,,105.0,,5.0,16.0,155.0,94.0,1499.0
705,,2816.0,,,35.0,105.0,50.0,,16.0,155.0,94.0,1499.0
706,2002.0,1600.0,1280.0,,,,30.0,3.0,,354.0,125.0,149.0
707,2003.0,2304.0,1600.0,4.0,,420.0,30.0,5.0,16.0,550.0,87.0,149.0
708,2007.0,,2560.0,8.0,28.0,504.0,30.0,1.0,27.0,407.0,,149.0
709,2003.0,1600.0,1280.0,2.0,,420.0,30.0,5.0,0.0,350.0,,149.0
710,2004.0,,2048.0,5.0,36.0,432.0,30.0,5.0,16.0,556.0,87.0,149.0
711,2004.0,2016.0,1600.0,3.0,35.0,420.0,30.0,5.0,16.0,326.0,108.0,299.0
712,2005.0,,2560.0,8.0,35.0,420.0,30.0,5.0,32.0,740.0,141.0,299.0
713,2005.0,,1600.0,4.0,,420.0,,,8.0,326.0,,
714,2005.0,2560.0,2048.0,4.0,36.0,432.0,50.0,5.0,16.0,326.0,108.0,149.0
715,2006.0,,3264.0,10.0,35.0,420.0,,5.0,,734.0,141.0,149.0
716,2006.0,2816.0,2304.0,,36.0,432.0,30.0,5.0,,340.0,113.0,149.0
717,,3072.0,2560.0,7.0,36.0,432.0,30.0,5.0,27.0,,113.0,149.0
718,2006.0,3136.0,,7.0,0.0,0.0,0.0,0.0,,606.0,146.0,1499.0
719,2007.0,3648.0,2816.0,,,0.0,0.0,,0.0,556.0,135.0,1499.0
720,2004.0,2560.0,2048.0,4.0,28.0,90.0,,,,,135.0,1499.0
721,,1600.0,1024.0,1.0,35.0,105.0,50.0,15.0,8.0,290.0,99.0,1499.0
722,2003.0,,1600.0,3.0,35.0,105.0,50.0,,32.0,215.0,,
723,2002.0,,1600.0,3.0,33.0,100.0,,6.0,16.0,420.0,104.0,1499.0
724,2003.0,,,4.0,35.0,105.0,,,,215.0,96.0,1499.0
725,2001.0,2240.0,1600.0,,33.0,,30.0,6.0,32.0,435.0,128.0,1499.0
726,,2048.0,1600.0,3.0,35.0,,50.0,,16.0,,65.0,1499.0
727,2004.0,2304.0,1600.0,4.0,35.0,105.0,,,,210.0,,1499.0
728,2004.0,2560.0,2048.0,4.0,35.0,105.0,,10.0,16.0,207.0,88.0,1499.0
729,2005.0,2304.0,1600.0,,35.0,105.0,,5.0,14.0,188.0,94.0,1499.0
730,2006.0,2560.0,2048.0,,35.0,105.0,50.0,,14.0,188.0,111.0,1499.0
731,2007.0,2816.0,2048.0,,35.0,,50.0,,27.0,188.0,94.0,149.0
732,2007.0,,2560.0,,35.0,105.0,50.0,,,188.0,94.0,
733,2005.0,3840.0,3072.0,8.0,28.0,112.0,50.0,,32.0,220.0,106.0,1499.0
734,2006.0,4224.0,,10.0,28.0,112.0,50.0,5.0,13.0,220.0,106.0,1499.0
735,2005.0,,1600.0,,37.0,,50.0,5.0,,224.0,101.0,149.0
736,2005.0,2560.0,2048.0,5.0,37.0,222.0,50.0,,,224.0,101.0,
737,2006.0,2560.0,2048.0,5.0,37.0,222.0,50.0,5.0,14.0,230.0,100.0,
738,,2816.0,2048.0,6.0,,222.0,50.0,5.0,,230.0,100.0,
739,2007.0,3072.0,2560.0,7.0,,222.0,,5.0,27.0,230.0,99.0,
740,2007.0,3072.0,2560.0,,37.0,222.0,50.0,5.0,27.0,234.0,99.0,
741,,2560.0,2048.0,4.0,35.0,,40.0,5.0,13.0,250.0,112.0,299.0
742,2007.0,,2048.0,6.0,28.0,280.0,50.0,5.0,13.0,260.0,105.0,299.0
743,,3072.0,2560.0,7.0,,280.0,50.0,5.0,13.0,,105.0,299.0
744,2001.0,,640.0,1.0,42.0,42.0,60.0,30.0,,240.0,105.0,509.0
745,2000.0,,800.0,,34.0,108.0,,10.0,16.0,390.0,128.0,
746,2000.0,1600.0,800.0,1.0,34.0,108.0,,10.0,16.0,630.0,,509.0
747,2003.0,,2400.0,6.0,0.0,,0.0,0.0,,650.0,129.0,
748,,3008.0,2400.0,,,0.0,0.0,0.0,0.0,,125.0,799.0
749,2006.0,,,6.0,0.0,0.0,,,0.0,565.0,,
750,2004.0,3008.0,2400.0,6.0,0.0,0.0,0.0,0.0,0.0,605.0,125.0,799.0
751,2005.0,3008.0,2400.0,6.0,0.0,0.0,0.0,0.0,0.0,605.0,125.0,799.0
752,2006.0,3008.0,2400.0,6.0,,0.0,0.0,0.0,0.0,,129.0,509.0
753,2007.0,3008.0,2400.0,6.0,0.0,0.0,0.0,0.0,0.0,646.0,,509.0
754,2006.0,3872.0,3008.0,,0.0,0.0,0.0,0.0,0.0,793.0,142.0,
755,2006.0,3008.0,2400.0,6.0,0.0,0.0,0.0,,0.0,,,509.0
756,,1600.0,1024.0,1.0,38.0,114.0,50.0,10.0,16.0,230.0,104.0,
757,2004.0,2048.0,1600.0,3.0,38.0,114.0,50.0,,16.0,180.0,94.0,
758,,,1024.0,,37.0,111.0,40.0,14.0,,240.0,92.0,
759,2002.0,2048.0,1600.0,,38.0,114.0,4.0,5.0,16.0,230.0,104.0,269.0
760,2002.0,2048.0,,3.0,,111.0,40.0,,16.0,,92.0,269.0
761,2003.0,2048.0,1600.0,3.0,38.0,114.0,40.0,,16.0,,,269.0
762,,2048.0,1600.0,,,114.0,,10.0,12.0,225.0,,269.0
763,,2048.0,1600.0,3.0,,104.0,30.0,1.0,16.0,208.0,,269.0
764,2001.0,2240.0,1120.0,,37.0,111.0,40.0,14.0,16.0,240.0,92.0,269.0
765,2002.0,,1120.0,3.0,,111.0,40.0,14.0,,240.0,92.0,269.0
766,2004.0,2288.0,1600.0,3.0,37.0,104.0,30.0,1.0,16.0,200.0,82.0,269.0
767,,2288.0,1600.0,,37.0,,,2.0,16.0,250.0,100.0,149.0
768,2005.0,2560.0,2048.0,4.0,32.0,96.0,50.0,,12.0,180.0,91.0,149.0
769,,2592.0,2048.0,5.0,37.0,187.0,60.0,,,,100.0,149.0
770,,2592.0,2048.0,5.0,37.0,187.0,60.0,2.0,16.0,250.0,100.0,
771,,2848.0,,6.0,,108.0,50.0,5.0,12.0,200.0,91.0,149.0
772,,3056.0,2592.0,7.0,37.0,187.0,,2.0,,255.0,100.0,149.0
773,2006.0,3264.0,2592.0,8.0,38.0,114.0,35.0,6.0,24.0,145.0,,249.0
774,2006.0,3648.0,3072.0,10.0,38.0,114.0,35.0,,22.0,145.0,,
775,,3648.0,3072.0,,38.0,114.0,35.0,6.0,22.0,145.0,,269.0
776,2006.0,2816.0,2272.0,,34.0,102.0,,5.0,,,87.0,149.0
777,2006.0,,2272.0,6.0,34.0,102.0,50.0,5.0,,180.0,90.0,149.0
778,,3072.0,2592.0,7.0,36.0,108.0,50.0,15.0,11.0,190.0,95.0,149.0
779,,3264.0,,8.0,37.0,112.0,40.0,15.0,10.0,175.0,94.0,149.0
780,2006.0,2816.0,,6.0,35.0,105.0,70.0,10.0,22.0,170.0,89.0,249.0
781,2006.0,3072.0,,7.0,38.0,114.0,40.0,5.0,22.0,180.0,94.0,149.0
782,2007.0,3072.0,2592.0,7.0,38.0,114.0,40.0,,22.0,120.0,97.0,269.0
783,2007.0,3264.0,,8.0,,,,5.0,,,97.0,149.0
784,2004.0,2304.0,,4.0,,,40.0,,16.0,375.0,73.0,
785,2003.0,,1024.0,3.0,35.0,105.0,,6.0,,115.0,,149.0
786,2007.0,,,10.0,38.0,,35.0,6.0,22.0,116.0,86.0,249.0
787,2004.0,2048.0,1600.0,3.0,38.0,114.0,40.0,6.0,11.0,175.0,89.0,269.0
788,2003.0,,1600.0,4.0,,105.0,40.0,,,115.0,83.0,
789,2004.0,,1600.0,4.0,35.0,105.0,40.0,,11.0,175.0,,
790,2005.0,2304.0,1600.0,,35.0,107.0,,6.0,11.0,155.0,89.0,149.0
791,2004.0,2304.0,1600.0,4.0,,105.0,40.0,6.0,10.0,120.0,,149.0
792,2004.0,2560.0,,5.0,35.0,,40.0,6.0,,180.0,89.0,149.0
793,2005.0,2560.0,,5.0,35.0,107.0,40.0,6.0,,155.0,89.0,
794,2004.0,2560.0,2048.0,,36.0,107.0,40.0,6.0,10.0,120.0,84.0,149.0
795,,2560.0,,4.0,35.0,107.0,,6.0,9.0,,84.0,149.0
796,2005.0,,2304.0,5.0,35.0,107.0,40.0,6.0,9.0,120.0,83.0,149.0
797,2005.0,2816.0,2560.0,6.0,37.0,,,15.0,23.0,120.0,86.0,149.0
798,2005.0,2816.0,2560.0,,,106.0,40.0,6.0,11.0,135.0,89.0,149.0
799,2006.0,3072.0,,7.0,37.0,112.0,,,23.0,,,
800,2004.0,2560.0,2048.0,5.0,,180.0,60.0,3.0,32.0,165.0,,149.0
801,2005.0,,,5.0,36.0,,,3.0,32.0,165.0,,149.0
802,2006.0,,,6.0,37.0,112.0,,15.0,12.0,,95.0,249.0
803,2006.0,3072.0,,7.0,37.0,112.0,,15.0,,155.0,95.0,149.0
804,2007.0,,2592.0,7.0,38.0,112.0,40.0,15.0,20.0,155.0,95.0,269.0
805,2006.0,2816.0,2560.0,6.0,38.0,114.0,40.0,1.0,,,,269.0
806,2006.0,,2560.0,,38.0,114.0,40.0,,21.0,150.0,107.0,269.0
807,2007.0,3072.0,2560.0,7.0,,,,1.0,21.0,155.0,108.0,
808,2005.0,,2304.0,4.0,38.0,114.0,,1.0,10.0,135.0,,269.0
809,2005.0,2816.0,2560.0,6.0,38.0,114.0,40.0,1.0,10.0,135.0,102.0,269.0
810,2004.0,,2048.0,5.0,36.0,107.0,40.0,6.0,,,112.0,149.0
811,2007.0,3264.0,2592.0,8.0,38.0,266.0,40.0,8.0,0.0,0.0,,249.0
812,2006.0,3264.0,2592.0,8.0,28.0,85.0,,1.0,26.0,450.0,133.0,229.0
813,2005.0,2560.0,2048.0,4.0,28.0,135.0,30.0,1.0,12.0,195.0,100.0,99.0
814,2005.0,2560.0,2048.0,4.0,28.0,135.0,30.0,1.0,28.0,195.0,100.0,99.0
815,2005.0,2560.0,2048.0,4.0,28.0,200.0,30.0,1.0,,165.0,95.0,
816,2006.0,,2048.0,4.0,28.0,160.0,30.0,1.0,28.0,,95.0,99.0
817,2006.0,2816.0,,6.0,,,,1.0,26.0,165.0,,99.0
818,2006.0,,2048.0,6.0,28.0,,30.0,1.0,,165.0,95.0,199.0
819,2006.0,3072.0,2592.0,7.0,28.0,200.0,30.0,,,165.0,96.0,99.0
820,2007.0,3072.0,2592.0,,28.0,,30.0,1.0,54.0,165.0,100.0,99.0
821,2007.0,3264.0,3264.0,8.0,28.0,200.0,,1.0,24.0,135.0,100.0,99.0
822,,2560.0,2048.0,4.0,32.0,96.0,30.0,1.0,12.0,190.0,91.0,399.0
823,,2816.0,2048.0,6.0,36.0,108.0,50.0,,,200.0,91.0,
824,2003.0,2048.0,1280.0,,35.0,105.0,30.0,1.0,8.0,230.0,124.0,99.0
825,2005.0,3264.0,2592.0,8.0,28.0,28.0,30.0,2.0,26.0,200.0,107.0,
826,2007.0,3648.0,3264.0,,24.0,,30.0,1.0,26.0,,112.0,399.0
827,2005.0,3264.0,2592.0,8.0,28.0,85.0,30.0,1.0,26.0,,114.0,99.0
828,,1792.0,1280.0,2.0,38.0,114.0,4.0,4.0,,500.0,144.0,399.0
829,1998.0,1280.0,640.0,1.0,35.0,,40.0,,4.0,320.0,135.0,149.0
830,1999.0,1792.0,896.0,2.0,38.0,86.0,40.0,4.0,8.0,340.0,131.0,149.0
831,,1792.0,,2.0,38.0,114.0,,4.0,8.0,,131.0,177.0
832,2000.0,1600.0,800.0,1.0,,40.0,30.0,13.0,,300.0,110.0,149.0
833,,2048.0,,3.0,,105.0,24.0,1.0,8.0,320.0,135.0,1699.0
834,2001.0,2048.0,1024.0,3.0,35.0,105.0,,,8.0,320.0,142.0,4999.0
835,,2048.0,1024.0,3.0,,105.0,24.0,1.0,8.0,450.0,157.0,149.0
836,2001.0,2272.0,1120.0,3.0,35.0,105.0,24.0,1.0,8.0,340.0,,99.0
837,2004.0,2048.0,1280.0,3.0,28.0,100.0,,1.0,8.0,215.0,112.0,99.0
838,2005.0,2592.0,,5.0,35.0,105.0,80.0,,11.0,,107.0,229.0
839,,2592.0,2272.0,5.0,31.0,31.0,100.0,,16.0,175.0,97.0,229.0
840,2005.0,2592.0,,,28.0,135.0,60.0,1.0,32.0,185.0,,229.0
841,,1280.0,640.0,1.0,43.0,,80.0,40.0,8.0,250.0,106.0,299.0
842,,1600.0,1024.0,1.0,35.0,,120.0,19.0,6.0,135.0,98.0,229.0
843,2002.0,1600.0,1024.0,,33.0,,80.0,20.0,0.0,,0.0,
844,,1600.0,1024.0,1.0,35.0,76.0,,15.0,,210.0,107.0,229.0
845,2004.0,2048.0,,3.0,,33.0,10.0,,16.0,137.0,,299.0
846,2002.0,2048.0,1024.0,3.0,34.0,102.0,80.0,20.0,,320.0,114.0,229.0
847,2004.0,2048.0,1620.0,3.0,35.0,114.0,80.0,,0.0,157.0,108.0,229.0
848,2004.0,2048.0,1600.0,4.0,35.0,,10.0,19.0,,137.0,98.0,299.0
849,2002.0,,1600.0,3.0,34.0,102.0,,20.0,0.0,,,
850,2004.0,2272.0,2048.0,3.0,35.0,114.0,,5.0,32.0,210.0,107.0,229.0
851,,2592.0,2048.0,5.0,38.0,,80.0,,,195.0,110.0,229.0
852,2003.0,2272.0,1120.0,3.0,38.0,114.0,80.0,,0.0,210.0,106.0,229.0
853,2006.0,3872.0,3008.0,10.0,0.0,,,,0.0,793.0,142.0,199.0
854,2006.0,3008.0,,6.0,0.0,,0.0,,0.0,570.0,125.0,299.0
855,2006.0,3008.0,,,0.0,0.0,0.0,0.0,0.0,605.0,125.0,299.0
856,2005.0,2595.0,2272.0,5.0,,,50.0,5.0,50.0,155.0,90.0,
857,,2816.0,2592.0,6.0,39.0,117.0,50.0,1.0,,0.0,,229.0
858,2007.0,3072.0,2592.0,7.0,,114.0,80.0,5.0,450.0,210.0,101.0,
859,2007.0,3072.0,2592.0,7.0,38.0,114.0,80.0,5.0,,180.0,90.0,199.0
860,2007.0,3264.0,2592.0,8.0,36.0,108.0,80.0,5.0,173.0,0.0,95.0,
861,2007.0,3264.0,2592.0,8.0,38.0,114.0,80.0,5.0,19.0,160.0,93.0,
862,2007.0,,2592.0,7.0,35.0,,,,20.0,170.0,,199.0
863,2007.0,3072.0,2592.0,7.0,35.0,105.0,,5.0,19.0,,98.0,
864,2007.0,,,7.0,38.0,114.0,80.0,10.0,16.0,183.0,95.0,99.0
865,2007.0,,2592.0,7.0,28.0,101.0,80.0,5.0,450.0,,105.0,119.0
866,2007.0,,2592.0,7.0,38.0,266.0,80.0,,0.0,0.0,94.0,119.0
867,,3264.0,2592.0,,38.0,114.0,80.0,5.0,10.0,183.0,95.0,
868,2006.0,3648.0,3136.0,10.0,35.0,105.0,80.0,4.0,20.0,190.0,,229.0
869,2007.0,3648.0,3136.0,10.0,35.0,190.0,80.0,1.0,0.0,240.0,107.0,229.0
870,2007.0,3648.0,2592.0,10.0,34.0,,80.0,4.0,20.0,,97.0,229.0
871,2007.0,4000.0,2592.0,12.0,,102.0,,4.0,20.0,0.0,97.0,229.0
872,2006.0,3072.0,2816.0,7.0,38.0,,80.0,1.0,15.0,155.0,,229.0
873,2006.0,,2688.0,7.0,38.0,270.0,80.0,1.0,19.0,290.0,106.0,229.0
874,2007.0,3264.0,2592.0,8.0,34.0,,80.0,,20.0,0.0,,229.0
875,2005.0,3264.0,2400.0,8.0,28.0,,,3.0,0.0,910.0,136.0,
876,,3648.0,3476.0,10.0,35.0,,80.0,4.0,45.0,220.0,100.0,199.0
877,2007.0,,3476.0,,38.0,190.0,80.0,,,,,
878,2007.0,2816.0,2048.0,,,105.0,80.0,,16.0,186.0,100.0,99.0
879,,,2592.0,7.0,35.0,105.0,80.0,5.0,16.0,186.0,100.0,
880,2007.0,3264.0,3072.0,8.0,35.0,105.0,80.0,,45.0,220.0,,
881,2007.0,,2592.0,8.0,38.0,,80.0,1.0,,204.0,100.0,
882,2007.0,,2592.0,8.0,38.0,190.0,80.0,1.0,20.0,,104.0,149.0
883,2003.0,,,3.0,35.0,,80.0,5.0,0.0,,102.0,229.0
884,,2272.0,2048.0,4.0,35.0,,,5.0,0.0,169.0,102.0,229.0
885,2004.0,2272.0,1136.0,3.0,35.0,,60.0,6.0,0.0,165.0,97.0,
886,,2272.0,2048.0,3.0,35.0,113.0,80.0,5.0,,230.0,,
887,2004.0,2592.0,2272.0,,38.0,114.0,,5.0,,180.0,106.0,229.0
888,,2592.0,2272.0,,,113.0,,,256.0,230.0,106.0,
889,,2816.0,2560.0,,38.0,114.0,80.0,,0.0,220.0,106.0,229.0
890,2005.0,3072.0,,7.0,38.0,114.0,80.0,4.0,128.0,,106.0,229.0
891,2005.0,3264.0,2816.0,8.0,38.0,114.0,80.0,4.0,32.0,220.0,106.0,229.0
892,,2288.0,1600.0,3.0,35.0,98.0,50.0,10.0,16.0,340.0,106.0,429.0
893,2003.0,2048.0,1600.0,3.0,37.0,104.0,20.0,,,205.0,98.0,429.0
894,,2048.0,1600.0,3.0,36.0,108.0,50.0,16.0,8.0,190.0,100.0,
895,2004.0,2048.0,1600.0,3.0,37.0,,,,16.0,185.0,,1399.0
896,2004.0,,1600.0,3.0,37.0,105.0,50.0,,16.0,185.0,,1399.0
897,,1600.0,640.0,1.0,35.0,98.0,50.0,10.0,,340.0,106.0,429.0
898,1999.0,1024.0,640.0,0.0,38.0,38.0,60.0,10.0,,260.0,105.0,
899,1999.0,1280.0,640.0,1.0,,102.0,80.0,20.0,4.0,,128.0,149.0
900,2006.0,2640.0,,4.0,28.0,28.0,0.0,0.0,,270.0,109.0,
901,2003.0,,,,0.0,,0.0,0.0,0.0,950.0,152.0,1599.0
902,2006.0,2640.0,,4.0,,0.0,0.0,0.0,0.0,750.0,144.0,19.0
903,2002.0,2268.0,1134.0,3.0,0.0,0.0,0.0,0.0,0.0,950.0,152.0,19.0
904,1998.0,1024.0,,0.0,37.0,518.0,80.0,3.0,1.0,950.0,140.0,1399.0
905,2000.0,1600.0,1600.0,,37.0,370.0,80.0,3.0,8.0,980.0,,1399.0
906,2001.0,1600.0,,1.0,39.0,117.0,50.0,3.0,8.0,620.0,144.0,1399.0
907,,1600.0,1280.0,,41.0,,,3.0,6.0,610.0,138.0,1399.0
908,,2048.0,,3.0,34.0,,50.0,4.0,8.0,,144.0,1399.0
909,2003.0,2048.0,1632.0,3.0,,123.0,50.0,,1.0,522.0,132.0,1399.0
910,2002.0,2272.0,1600.0,3.0,34.0,102.0,50.0,4.0,,640.0,,1399.0
911,2003.0,2592.0,2048.0,5.0,34.0,,50.0,4.0,1.0,606.0,139.0,1399.0
912,1998.0,1344.0,,,28.0,140.0,20.0,0.0,8.0,,130.0,149.0
913,1999.0,,640.0,1.0,28.0,140.0,20.0,,8.0,900.0,130.0,149.0
914,1999.0,,1024.0,1.0,38.0,190.0,80.0,,4.0,475.0,107.0,149.0
915,2000.0,1856.0,,2.0,,190.0,50.0,2.0,8.0,,107.0,149.0
916,1999.0,1600.0,640.0,,37.0,37.0,50.0,10.0,,300.0,103.0,429.0
917,2000.0,1856.0,1600.0,2.0,37.0,37.0,25.0,10.0,8.0,280.0,103.0,429.0
918,2001.0,2560.0,2048.0,4.0,38.0,190.0,50.0,2.0,16.0,,162.0,149.0
919,2002.0,2560.0,2048.0,,38.0,190.0,50.0,2.0,32.0,,162.0,
920,,3264.0,2592.0,8.0,28.0,,50.0,2.0,0.0,906.0,134.0,429.0
921,2004.0,2592.0,,5.0,,114.0,,8.0,,,,429.0
922,2007.0,2816.0,2048.0,,,114.0,50.0,8.0,2.0,238.0,93.0,429.0
923,2005.0,2592.0,2048.0,5.0,36.0,432.0,,,32.0,591.0,108.0,429.0
924,2006.0,2816.0,2048.0,6.0,36.0,,50.0,2.0,32.0,490.0,,429.0
925,2007.0,3264.0,3264.0,8.0,38.0,380.0,50.0,,31.0,264.0,106.0,
926,2006.0,3072.0,2592.0,7.0,36.0,,,2.0,32.0,490.0,108.0,429.0
927,2007.0,3264.0,2592.0,8.0,31.0,465.0,50.0,2.0,31.0,405.0,110.0,429.0
928,,3264.0,2592.0,8.0,31.0,465.0,50.0,2.0,31.0,,110.0,429.0
929,2004.0,2304.0,1280.0,4.0,32.0,96.0,12.0,,16.0,,95.0,429.0
930,,2592.0,2048.0,,,114.0,50.0,8.0,32.0,215.0,51.0,
931,2005.0,2592.0,,5.0,38.0,114.0,50.0,1.0,32.0,,51.0,
932,2005.0,3264.0,,8.0,,114.0,50.0,6.0,32.0,139.0,94.0,429.0
933,2006.0,3264.0,2592.0,10.0,38.0,114.0,50.0,,32.0,,94.0,399.0
934,2000.0,2048.0,1600.0,3.0,,,,10.0,8.0,250.0,114.0,429.0
935,2003.0,2592.0,2048.0,5.0,38.0,114.0,50.0,10.0,,206.0,105.0,149.0
936,,,2048.0,5.0,,114.0,,10.0,32.0,180.0,108.0,149.0
937,2004.0,3072.0,2592.0,7.0,38.0,114.0,,,,180.0,108.0,149.0
938,2002.0,1600.0,,1.0,39.0,117.0,50.0,10.0,,214.0,,399.0
939,2001.0,,1024.0,1.0,42.0,42.0,60.0,3.0,4.0,,123.0,399.0
940,2005.0,3072.0,2592.0,7.0,38.0,114.0,,,,180.0,104.0,399.0
941,,1920.0,,2.0,36.0,36.0,25.0,10.0,8.0,194.0,,429.0
942,2001.0,1280.0,1024.0,1.0,,,50.0,3.0,4.0,250.0,143.0,149.0
943,2002.0,1600.0,,1.0,,,10.0,10.0,8.0,231.0,106.0,429.0
944,,2048.0,1632.0,,,33.0,10.0,10.0,16.0,217.0,101.0,429.0
945,2004.0,2272.0,1600.0,3.0,33.0,33.0,,10.0,16.0,180.0,106.0,429.0
946,2001.0,,1600.0,,39.0,,50.0,10.0,8.0,214.0,113.0,429.0
947,2001.0,1600.0,1024.0,1.0,41.0,123.0,,3.0,4.0,250.0,143.0,149.0
948,2002.0,1600.0,1280.0,1.0,41.0,,8.0,8.0,16.0,275.0,,429.0
949,2003.0,2048.0,,3.0,41.0,82.0,8.0,8.0,,280.0,123.0,429.0
950,2002.0,2048.0,1600.0,3.0,39.0,117.0,50.0,10.0,16.0,214.0,114.0,149.0
951,2002.0,2048.0,1600.0,3.0,39.0,117.0,50.0,,16.0,284.0,,
952,2003.0,2048.0,1632.0,,39.0,,50.0,10.0,16.0,259.0,120.0,149.0
953,2004.0,2272.0,1600.0,,,117.0,,10.0,,,116.0,149.0
954,,2048.0,1632.0,3.0,39.0,117.0,50.0,10.0,,206.0,105.0,429.0
955,2002.0,,1600.0,3.0,39.0,117.0,50.0,10.0,16.0,206.0,,429.0
956,2003.0,2592.0,2048.0,5.0,38.0,114.0,,10.0,16.0,259.0,,429.0
957,2004.0,2592.0,,5.0,38.0,114.0,50.0,10.0,32.0,236.0,117.0,429.0
958,2005.0,,3264.0,10.0,24.0,120.0,0.0,0.0,0.0,,139.0,429.0
959,2000.0,1280.0,,1.0,39.0,117.0,25.0,3.0,,,,149.0
960,2005.0,2304.0,2048.0,,,,0.0,0.0,32.0,184.0,,149.0
961,2000.0,1600.0,1280.0,,,117.0,25.0,3.0,,370.0,113.0,149.0
962,2005.0,2304.0,2048.0,4.0,,117.0,50.0,10.0,32.0,249.0,97.0,149.0
963,2006.0,2816.0,2048.0,6.0,31.0,,12.0,,32.0,180.0,,149.0
964,2007.0,3072.0,2592.0,7.0,35.0,105.0,,5.0,24.0,178.0,91.0,149.0
965,2000.0,2048.0,1600.0,3.0,34.0,102.0,25.0,4.0,8.0,420.0,117.0,
966,2007.0,3072.0,2592.0,,35.0,,35.0,5.0,24.0,178.0,91.0,
967,2001.0,,1600.0,3.0,,102.0,50.0,4.0,8.0,,125.0,149.0
968,2007.0,3264.0,,8.0,,,50.0,2.0,54.0,245.0,93.0,149.0
969,2001.0,2272.0,1600.0,3.0,34.0,102.0,50.0,4.0,16.0,,125.0,149.0
970,2005.0,2304.0,2048.0,4.0,39.0,,50.0,10.0,32.0,253.0,97.0,149.0
971,2003.0,,2048.0,5.0,38.0,114.0,25.0,1.0,32.0,,91.0,399.0
972,2006.0,,,7.0,38.0,114.0,50.0,1.0,56.0,,90.0,399.0
973,2007.0,,2592.0,8.0,35.0,175.0,50.0,,31.0,197.0,,399.0
974,,2592.0,2048.0,5.0,38.0,114.0,,8.0,,186.0,,399.0
975,2007.0,3264.0,2592.0,,38.0,114.0,50.0,1.0,,,,399.0
976,2007.0,3264.0,3264.0,8.0,35.0,,,1.0,31.0,,94.0,
977,2004.0,2592.0,2048.0,5.0,38.0,114.0,50.0,8.0,32.0,186.0,90.0,399.0
978,2006.0,3072.0,2592.0,7.0,38.0,,50.0,1.0,58.0,172.0,95.0,
979,2005.0,2592.0,,5.0,38.0,114.0,,,32.0,,99.0,399.0
980,,2592.0,2048.0,5.0,38.0,114.0,50.0,8.0,32.0,,94.0,
981,2006.0,3072.0,2592.0,7.0,38.0,,,1.0,,170.0,95.0,399.0
982,2005.0,2592.0,2048.0,5.0,38.0,,50.0,8.0,32.0,134.0,92.0,149.0
983,2005.0,2816.0,2048.0,6.0,38.0,114.0,50.0,1.0,32.0,,90.0,429.0
984,2002.0,1280.0,,,33.0,,10.0,10.0,8.0,118.0,,149.0
985,2002.0,1632.0,,,33.0,33.0,10.0,10.0,8.0,118.0,85.0,399.0
986,2003.0,,640.0,2.0,33.0,33.0,10.0,10.0,8.0,130.0,85.0,
987,,1632.0,640.0,,33.0,33.0,,10.0,,130.0,,149.0
988,2003.0,1632.0,640.0,2.0,,33.0,10.0,10.0,8.0,132.0,100.0,149.0
989,2003.0,1632.0,640.0,2.0,33.0,33.0,10.0,10.0,8.0,200.0,,149.0
990,2003.0,2592.0,,5.0,34.0,136.0,40.0,10.0,,298.0,99.0,429.0
991,2004.0,3072.0,2592.0,7.0,34.0,136.0,40.0,10.0,0.0,390.0,120.0,429.0
992,,2592.0,2048.0,5.0,,114.0,50.0,6.0,32.0,,91.0,429.0
993,2006.0,3264.0,2592.0,8.0,38.0,114.0,50.0,6.0,64.0,192.0,94.0,149.0
994,2007.0,4000.0,3264.0,12.0,35.0,105.0,34.0,,31.0,195.0,,399.0
995,2006.0,2816.0,2048.0,6.0,38.0,114.0,50.0,2.0,32.0,,,149.0
996,2007.0,3072.0,2592.0,7.0,38.0,114.0,30.0,,56.0,149.0,,429.0
997,2005.0,2592.0,2048.0,5.0,38.0,114.0,,6.0,32.0,250.0,91.0,429.0
998,2006.0,2816.0,2048.0,6.0,38.0,114.0,50.0,2.0,,157.0,89.0,149.0
999,,3072.0,2592.0,7.0,38.0,114.0,30.0,,56.0,,90.0,429.0
1000,2005.0,3072.0,2592.0,7.0,38.0,114.0,,6.0,32.0,,,149.0
1001,2006.0,3072.0,2592.0,,38.0,114.0,50.0,2.0,58.0,157.0,89.0,149.0
1002,2007.0,3072.0,2592.0,,35.0,,50.0,,31.0,175.0,91.0,149.0
1003,2007.0,3254.0,2592.0,8.0,35.0,105.0,50.0,,31.0,175.0,91.0,429.0
1004,2006.0,3872.0,3896.0,10.0,0.0,0.0,0.0,0.0,0.0,638.0,133.0,599.0
1005,2007.0,4272.0,3104.0,12.0,0.0,0.0,0.0,0.0,,768.0,142.0,599.0
1006,2002.0,,,1.0,37.0,,,0.0,1.0,,0.0,1399.0
1007,2002.0,,1024.0,,,,19.0,3.0,,,142.0,1399.0
1008,1998.0,640.0,320.0,0.0,40.0,400.0,1.0,1.0,,500.0,138.0,
1009,1999.0,640.0,320.0,0.0,40.0,400.0,1.0,1.0,1.0,500.0,138.0,1399.0
1010,2001.0,,320.0,0.0,40.0,,1.0,1.0,,580.0,,1399.0
1011,,,,0.0,37.0,,1.0,,1.0,580.0,140.0,1399.0
1012,1999.0,,,,37.0,111.0,1.0,1.0,1.0,580.0,142.0,1399.0
1013,2000.0,1280.0,,1.0,37.0,111.0,1.0,1.0,1.0,0.0,0.0,1399.0
1014,,1280.0,1024.0,1.0,39.0,,25.0,3.0,1.0,630.0,143.0,
1015,1999.0,1280.0,1024.0,1.0,34.0,270.0,4.0,4.0,1.0,,,1399.0
1016,,1280.0,,,34.0,270.0,4.0,4.0,1.0,0.0,0.0,1399.0
1017,2001.0,1472.0,1280.0,1.0,41.0,328.0,25.0,,1.0,660.0,,1399.0
1018,2000.0,1600.0,1600.0,1.0,37.0,370.0,80.0,3.0,1.0,900.0,,
1019,2001.0,1600.0,1024.0,1.0,39.0,390.0,,2.0,1.0,990.0,126.0,
1020,2002.0,2048.0,1024.0,3.0,,,,12.0,,205.0,91.0,177.0
1021,,2048.0,1024.0,,35.0,100.0,,10.0,,320.0,116.0,177.0
1022,2003.0,2400.0,1200.0,3.0,35.0,100.0,80.0,10.0,16.0,0.0,,599.0
1023,2003.0,2560.0,2048.0,4.0,35.0,,80.0,10.0,16.0,230.0,,177.0
1024,1998.0,1280.0,640.0,1.0,35.0,35.0,50.0,9.0,4.0,290.0,,62.0
1025,2001.0,1280.0,640.0,1.0,52.0,52.0,90.0,0.0,8.0,,116.0,
1026,2001.0,1600.0,800.0,1.0,39.0,39.0,50.0,0.0,,240.0,116.0,177.0
1027,2001.0,,896.0,2.0,38.0,114.0,,8.0,,320.0,105.0,
1028,1999.0,,640.0,1.0,38.0,115.0,90.0,25.0,4.0,380.0,122.0,62.0
1029,1999.0,1600.0,800.0,1.0,40.0,40.0,50.0,,8.0,290.0,112.0,62.0
1030,1999.0,,800.0,1.0,40.0,120.0,,25.0,8.0,350.0,130.0,62.0
1031,2000.0,1792.0,896.0,2.0,,,50.0,5.0,4.0,320.0,121.0,449.0
1032,,1792.0,896.0,2.0,38.0,114.0,50.0,5.0,8.0,310.0,123.0,62.0
1033,2001.0,2048.0,1024.0,3.0,38.0,114.0,10.0,10.0,8.0,320.0,120.0,62.0
1034,2000.0,2048.0,1024.0,3.0,35.0,105.0,80.0,9.0,16.0,390.0,116.0,
1035,2001.0,2048.0,,3.0,35.0,98.0,80.0,10.0,8.0,340.0,107.0,62.0
1036,2001.0,2400.0,1200.0,3.0,,98.0,,10.0,16.0,340.0,107.0,62.0
1037,2002.0,1600.0,,1.0,38.0,38.0,,20.0,8.0,180.0,86.0,129.0
